9.2901325802,61.36013319063
14.17745099821,60.71672280471
18.99604069884,59.15394486766
19.51122704686,65.29162260285
19.63319348306,63.74252240558
23.95771733364,66.2120234668
26.75087548765,61.35657291151
29.57703291339,67.22318460661
40.13193126483,61.22933050839
40.91843191991,61.43437766836
53.74962972498,53.17313997828
58.84615062234,31.04583609186
64.92556123477,55.99936067904
70.247207393,44.53034418648
80.64680481184,37.67599293642
84.72739245821,26.3157752444
88.97934004292,28.78510745618
91.86088634198,22.09659725892
98.24690241609,5.80032052835
98.82616381073,5.55174484414
104.56043808872,-7.21248985203
112.22324075355,-26.10801904281
118.92702181368,-29.56485835566
123.11814876923,-31.24780669997
126.5568795087,-37.61995049188
128.981075,-43.1856
130.199187,-45.058395
135.52855879751,-40.55465296118
152.44564453704,-58.29320747534
152.5494159915,-56.92554247032
154.73155926817,-58.94609420856
159.39717,-56.798859
166.80799982117,-59.87309817392
170.23817252152,-61.91670671056
170.3128552789,-60.62377582639
170.44505383092,-59.86331299057
172.7787408554,-62.94691902264
176.00117181802,-61.12679578911
176.86894042634,-61.95371922583
177.00003001549,-62.20691022592
183.3115687929,-64.87513252304
186.65645139154,-62.77035949368
188.467,-61.796
190.42741,-60.27217
190.70931703329,-63.05864217079
190.824821,-60.201519
195.32119649506,-61.60184481323
195.4946052393,-63.96912167623
195.69848851536,-63.83573123377
199.60661593678,-62.97081244662
201.111047,-62.02198
206.63566597037,-62.92338696174
211.310065,-61.307838
212.01132,-61.983891
215.30060802582,-62.69892176003
218.28465330129,-61.26107376019
222.180092,-59.703815
230.17017640757,-57.16674216654
235.59729827777,-52.38601199162
236.02205987233,-56.76167443177
238.59067450083,-55.3289895306
239.45139166912,-54.41509807289
244.88409544759,-49.74182617003
245.19273371547,-51.50170602014
246.652188,-51.941818
247.045134,-48.648914
247.95125817288,-48.81687706741
248.007333,-47.874722
248.15828734749,-47.39454755452
248.16638484576,-49.70382899144
249.30623574098,-50.72459536144
249.772846,-46.703545
250.461623,-45.540375
251.64690161253,-45.11796081034
252.027341,-45.201893
252.362308,-43.81918
255.01813049348,-41.9682172644
255.08037320535,-42.33863811657
255.203682,-41.65596
255.98656593018,-37.84412027228
258.4329687698,-39.201565709
258.985248,-38.864929
261.297465,-36.282646
263.86499688215,-32.93182312091
264.39208,-30.38806
264.79812927251,-30.34381326585
264.88796736281,-29.72458420595
265.755567,-36.372829
265.978478,-29.745278
266.19068598154,-27.2290321368
267.27870137362,-27.54251319626
267.30166693798,-27.42728618715
267.304,-26.64405555556
267.575261,-26.604673
268.60529870303,-26.33127433695
270.30197072334,-25.74327909233
270.67473685833,-20.288166797
272.070386,-19.327656
274.17800348911,-16.22283425276
274.6579027264,-17.04667815885
274.84013919092,-25.40717851926
275.125402,-14.573023
275.33234250045,-13.31089095675
275.47837109829,-13.79073744848
276.09842,-14.41551
276.43262358837,-10.5838937782
276.56276812017,-14.84843824831
277.43329223777,-9.85645360706
278.36569954826,-10.59012479485
278.36791853438,-10.40243295086
279.51927780095,-6.90242990402
280.28016644801,-5.58165403928
280.39706,-5.84236
281.25661916606,-4.56575904237
281.4034733687,0.86315946802
281.55376940451,-2.37469119601
282.064171,0.792571
282.070354,-2.423608
282.07168612166,-3.17136768374
283.87668002005,-2.6046794194
284.681906,3.434746
284.756814,8.245672
285.91412803533,3.20435796814
286.19776875399,9.0449110404
287.40853278192,9.82977678034
287.681682,9.274764
287.70087185633,7.59765630241
287.82130827581,15.55376902853
287.95650636991,4.98270852726
288.51760590601,9.88286437365
288.73635095845,10.61015373713
292.48292610722,18.31060597633
295.54652236458,25.93489035046
296.41397487956,27.36539915248
297.39783883472,30.2088084874
297.48094936995,25.56659484642
298.92639832143,32.09693031874
299.59029482904,35.20157876511
300.09104899634,32.18973933161
304.79994307775,45.66718469428
307.62850374937,47.86406792934
308.06362685512,37.63743239547
308.107422,40.957756
314.69805829882,41.77697968527
315.89876969225,45.75153283211
323.58486828065,47.63337917571
324.87785209105,56.98621852916
330.40919197022,50.16795238314
331.98428755193,54.5184321708
339.83682979593,61.27405311885
340.73874140526,44.72172459979
343.47967087768,62.72688234992
