5.9749,-72.0639
6.00412916667,-72.081445
6.01468443626,-72.08111634911
6.01776666667,-72.08280277778
6.02041666667,-72.08083333333
7.262718,59.571944
11.21,33.02138888889
61.87583333333,-57.00666666667
65.42801144723,32.90748309894
66.95685947443,-67.07640585049
68.84708333333,55.37611111111
78.52653787944,-40.04371583224
85.025,-75.9
89.075,-33.13333333333
93.09583333333,70.21219444444
94.27952049166,9.13233046297
95.6856,-0.3456
99.0983,-42.8678
108.84208333333,-19.26916666667
117.1405,-67.7521
128.975,51.3
129.325,-42.88333333333
130.175,-35.26666666667
138.00955515199,-64.86835146353
140.1103,-55.2068
140.6445,-63.2948
142.33375,-31.38416666667
153.40167748357,-45.07569874903
155.9487,0.6447
167.451859387,-64.99025458851
169.5448506692,48.03672437092
169.58857046841,-54.62475668727
171.6108,-68.6758
186.99465510705,-48.89519662091
192.41313446553,-59.08815843301
194.4049,-69.2886
196.8,-70.81666666667
201.15974004946,-63.22424467494
201.582541,-47.486124
201.654289,-62.135718
207.05366666667,-63.27455555556
209.3201,-9.5441
209.54045857343,-64.73480320539
214.37916666667,-44.04805555556
215.40375,-61.60722222222
217.49917230709,-67.24580911862
223.2,-59.81666666667
224.5914,-31.6688
232.07054166667,-61.88276388889
233.8325,-57.23
234.575,-55.68333333333
234.7998,-62.4673
235.82223333333,-56.41343055556
236.125,-11.45
236.7845,-47.6695
236.97750042363,-62.56839613212
237.7444,-56.4765
240.25883665962,-60.73864623724
240.975,-77.88333333333
241.44116531191,25.86253902932
243.175,-52.41666666667
244.88892543556,-28.12777386382
244.9795,-15.6403
245.17078,-49.96776
245.89224038491,-26.52639191525
247.02306438875,-49.21113364486
247.11189828778,-50.37769576558
247.30362775547,-46.04744422182
247.975,-47.86666666667
248.00083333333,-27.55972222222
248.06950890954,-67.46120736096
248.506486,-47.392773
248.973735,-47.427727
249.1183,-47.8269
249.26107176406,-49.86112096349
250.2317,-53.7514
250.43213857701,36.46638153556
251.448765,-45.611123
252.5041,-49.9621
253.08548870875,-45.34485815134
253.461969,-39.850857
254.45753928275,35.34232246072
254.553378,-42.698312
254.757,-15.258
254.88647632071,-37.1208828376
255.08,-42.33861111111
255.243589,-46.185717
255.30238636098,-30.10623829475
255.304511265,-30.11188862857
255.30474717381,-30.11512261393
255.3067381187,-30.10880183901
255.434785,-40.858208
255.48665425759,-29.94875405205
255.7058,-48.7897
256.43537716266,-36.42309234318
256.56380833333,-43.03574722222
256.5678,-61.7113
256.6438,23.9718
257.06041818995,-25.09174883948
257.226304,-32.31581
257.22695833333,-44.10204166667
257.281644738,-36.40678329973
257.329476,-26.700613
257.44218333333,-36.46591944444
257.552926,-28.131532
257.9,-38.13333333333
258.06978,-40.84613
258.151201,-37.676126
258.420875,-42.31041666667
258.54802342118,-29.53313589928
258.58193275142,-34.04629757453
258.58731696561,-29.48789016725
258.6370588122,-29.4635363713
259.25,-36.93333333333
259.600768,-40.492322
259.75,-32.26666666667
259.75166666667,-35.53805555556
259.81154981059,-28.30121534284
259.820835,-29.070342
259.9,-42.9
259.90383409797,-25.01781155596
259.92916666667,-30.18
259.96663322448,-30.03350637335
259.9958,-31.7503
260.8465812119,-28.63266533424
260.9147053264,-37.67906544866
261.35414675196,-32.95410427982
261.5,-47.61666666667
261.888127,-30.802116
262.12466,-20.3823
262.1576406713,-29.35916053962
262.225,-36.21666666667
262.375,-32.38333333333
262.93386162659,-16.96202372199
262.990412,-33.833578
263,-27.51666666667
263.00895464609,-24.74560029077
263.35041666667,-33.38777777778
263.352129,-33.388206
263.38166666667,-31.25611111111
263.4656385107,-22.26030113377
263.5561,-26.0885
263.600291,-30.398074
263.84894335539,-35.67128942812
263.94283856383,-32.11940100552
263.94577014721,-30.48258270468
263.94833091325,-30.48275249935
264.00833333333,-27.42819444444
264.0701207832,-44.73689093356
264.07244647263,-44.73570709696
264.07338090683,-44.73783183724
264.07342102711,-44.73264863754
264.07579351843,-44.73348729102
264.49753075784,-37.77272973739
264.57071426032,-26.99429122744
264.642,-28.478
264.66146378577,-28.59426404579
264.7427,-44.4502
264.974449,-28.496067
265.025,-31.03333333333
265.17298844325,-53.66782526864
265.17299149558,-28.14686200365
265.1785,-28.3024
265.666522,-27.747992
265.75551465281,-36.3728459152
265.81889517863,-27.76035028319
265.978478,-29.745278
266.02067646833,-26.53319100988
266.1058,-29.0125
266.12673050062,-27.76681666542
266.15339802699,-28.76051411456
266.15547,-32.539575
266.239357,-28.839403
266.241113,-29.085724
266.25,-30.36666666667
266.25,-29.31666666667
266.259734,-28.913784
266.2952,-26.4035
266.3985,-29.0261
266.39875,-28.99140555556
266.41375,-28.99638888889
266.41436724954,-28.99285506439
266.416441,-29.008007
266.41666666667,-29.00138888889
266.42041666667,-29.00388888889
266.4288,-28.7814
266.476808,-28.91517
266.499746,-28.913839
266.521282,-29.514928
266.53012,-29.50708
266.56012840955,-32.33054938776
266.565,-32.2336
266.587771,-28.728692
266.59791666667,-31.09722222222
266.61,-28.86444444444
266.61046,-28.982287
266.61291666667,-25.83111111111
266.705283,-28.870579
266.8,-28.5
266.81734,-28.179844
266.825,-27.34388888889
266.857769,-30.000555
266.858494,-30.045036
266.98075,-26.56498
267.01917662358,-24.77798929716
267.01995870726,-24.78041939054
267.02089583333,-24.77885277778
267.02108333333,-28.47383333333
267.02182696601,-24.77970988979
267.02257049747,-24.77685940072
267.03122339385,-24.78296744544
267.08,-36.12111111111
267.21609666572,-20.35936079621
267.21746606971,-20.35872163392
267.21866662787,-20.35888143907
267.21918962795,-20.36147225038
267.21997017045,-20.35719852154
267.22026501831,-20.36065088964
267.22062929159,-20.36190698979
267.22130950088,-20.35751068415
267.22173779241,-20.36074871273
267.25,-21.31666666667
267.34852692732,-30.49962454796
267.382059,-28.134707
267.4085,-28.3549
267.4539,-33.2032
267.4806,-29.3221
267.51639771945,-32.43058416935
267.5528819129,-37.05243977127
267.58613799796,-30.44769761394
267.601923,-29.037486
267.65,-29.05
267.69479154362,-31.27497723203
267.72394330681,-31.09464174016
267.725,-31.26666666667
268.06221714123,-22.34182008354
268.0667,-28.5061
268.0844,-31.6521
268.3679,-1.4517
268.38230074972,-23.82005984053
268.55,-27.9
268.64999006169,-29.55828375314
268.8692,-32.4775
268.92846415145,-28.30260153483
269.22487609338,-25.13320056229
269.33796468337,-30.7351863803
269.6242535473,-30.95042555529
269.64397104544,-21.3893321092
269.6667,-33.8075
269.761702,-23.719022
269.93968605646,-22.02756530989
270.2905,-25.0789
270.30197072334,-25.74327909233
270.38429166667,-20.52995277778
270.76162,-29.83046
271.03488096136,-34.34756128307
271.375,-20.51666666667
271.625,-22.38333333333
271.7,-24.58333333333
271.749584,-29.407238
272.0314404034,13.25150285125
272.11829298066,-36.97988479855
272.31864450432,-25.90741536747
272.5869,-19.0698
272.675,-10.86666667
272.685136,-26.150518
273.04056467345,-19.04068546991
273.116531,-18.209773
273.16584708936,-22.3238278545
273.3915265764,-9.53280449241
273.41292606046,-33.77329580502
273.56291666667,-22.93805555556
273.629527,-17.157207
273.77572563447,-12.0969266938
274.0075,-14.03630555556
274.21808333333,-19.63213888889
274.34428,-16.71737
274.4314,-33.0188
274.6018,-24.5383
274.63262677282,-16.94851327195
274.675,14.4
274.8401,-25.4072
275.0914,7.1854
275.91743317404,-30.36172137765
276.13521744104,-24.86848678564
276.13675142486,-24.86892900201
276.34208333333,-0.01055555556
276.44502609491,-37.10515828991
277.14073429454,-10.61771826908
277.22756166806,-11.44899508524
277.24197830529,-25.029368767
277.36672124454,-23.79659099017
278.85760175963,-7.61400454598
278.925,-19.51666666667
278.93208479146,-32.99085505744
278.93309457152,-32.9819373319
278.93590856784,-32.99402477757
279.98966,5.03555
280.5724739085,-11.41802100209
280.89527,-3.71572
282.07168612166,-3.17136768374
282.20810858749,-1.49689190639
282.51451485266,-0.93981470001
283.26984976034,-8.70577147891
284.17869,5.30886
284.64546201086,-8.23748601144
284.6733,22.6582
285.025,-24.91666666667
285.41747842158,1.44072607614
287.1124,0.1688
287.22262727714,9.384522635
287.595,-5.7989
287.8169,0.585
288.798149,10.945807
289.69975219968,-5.2386286679
290.071,14.705
290.65416666667,-17.28388888889
292.71148217295,5.51613829189
295.537239,40.187476
295.6583,-3.9
299,3.43333333333
299.85,11.7083
300.7063418363,25.23628657401
303.15730783536,38.18351819815
306.01590855245,33.86717686476
309.3,41.85
319.5,49.01666666667
320.25,-6.11666666667
322.49229289357,12.16106560313
322.49237389905,12.16736501382
322.49270833333,12.16747222222
322.85920679511,47.29012342346
325.09252129191,-23.17926985106
326.17146666896,38.32140593926
330.47563705674,60.63593611744
336.225,54.35
350.1422,62.2927
