obsid	name
88	2CXO J112115.1-603725
90	2CXO J154223.3-522309
1554	2CXO J183327.7-103524
1716	2CXO J183328.3-102408
1717	2CXO J183327.7-103524
1717	2CXO J183328.3-102408
1718	2CXO J183327.7-103524
1719	2CXO J183328.3-102408
1720	2CXO J183328.3-102408
1721	2CXO J183327.7-103524
1721	2CXO J183328.3-102408
1722	2CXO J183327.7-103524
1722	2CXO J183328.3-102408
1724	2CXO J183328.3-102408
1725	2CXO J183327.7-103524
1725	2CXO J183328.3-102408
1726	2CXO J183327.7-103524
1726	2CXO J183328.3-102408
1727	2CXO J183327.7-103524
1728	2CXO J183327.7-103524
1729	2CXO J183327.7-103524
1769	2CXO J183327.7-103524
1770	2CXO J183327.7-103524
1771	2CXO J183327.7-103524
1908	2CXO J173911.5-302037
2873	2CXO J183327.7-103524
2873	2CXO J183328.3-102408
3700	2CXO J183328.3-102408
3790	2CXO J191149.5+045857
3793	2CXO J190447.4+090241
3811	2CXO J122637.5-624613
3819	2CXO J112057.1-615500
3820	2CXO J114800.0-621224
4353	2CXO J183328.3-102408
4354	2CXO J183328.3-102408
4355	2CXO J183328.3-102408
4451	2CXO J181921.6-252425
4550	2CXO J175425.2-261952
4554	2CXO J134632.5-625523
4590	2CXO J191404.2+095258
4600	2CXO J182615.0-145055
5166	2CXO J183328.3-102408
5341	2CXO J182615.0-145055
5471	2CXO J161932.2-494430
5472	2CXO J162046.2-513006
6070	2CXO J183328.3-102408
6071	2CXO J183328.3-102408
6259	2CXO J182615.0-145055
6585	2CXO J024031.6+611345
6654	2CXO J181837.9-170248
6740	2CXO J183328.3-102408
6741	2CXO J183328.3-102408
7505	2CXO J184501.5-043356
7519	2CXO J101011.8-565532
7520	2CXO J060726.6+220547
7522	2CXO J182543.8-103501
7523	2CXO J114400.3-610736
7527	2CXO J113106.9-625648
7561	2CXO J182119.7-131838
8242	2CXO J053854.5+261856
8273	2CXO J024031.6+611345
8371	2CXO J183328.3-102408
8647	2CXO J174445.7-271344
9050	2CXO J173527.5-325554
9053	2CXO J143308.3-611540
9919	2CXO J225355.0+624337
9920	2CXO J225355.0+624337
10062	2CXO J152040.8-571000
10089	2CXO J130247.6-635008
10696	2CXO J182615.0-145055
10811	2CXO J225355.0+624337
10812	2CXO J225355.0+624337
11831	2CXO J101855.6-585645
12348	2CXO J181837.9-170248
14205	2CXO J130247.6-635008
14206	2CXO J130247.6-635008
14635	2CXO J065814.5-071245
14636	2CXO J072853.5-260629
14639	2CXO J100946.9-581736
14646	2CXO J194539.3+272155
14647	2CXO J194935.4+301231
14649	2CXO J213930.6+565910
14655	2CXO J191149.5+045857
14657	2CXO J101855.6-585645
15780	2CXO J210335.6+454505
15801	2CXO J152040.8-571000
16560	2CXO J101855.6-585645
16563	2CXO J130247.6-635008
16578	2CXO J152040.8-571000
16583	2CXO J130247.6-635008
16822	2CXO J130247.6-635008
16823	2CXO J130247.6-635008
18087	2CXO J130158.6-635808
18087	2CXO J130247.3-635011
18087	2CXO J130247.6-635008
18744	2CXO J130247.6-635008
19280	2CXO J130247.6-635008
19281	2CXO J130247.6-635008
20054	2CXO J130247.6-635008
20116	2CXO J130247.6-635008
20197	2CXO J194955.4+253359
20269	2CXO J063259.2+054801
20950	2CXO J063259.2+054801
20974	2CXO J063259.2+054801
20975	2CXO J063259.2+054801
21245	2CXO J130247.6-635008
21246	2CXO J130247.6-635008
21247	2CXO J130247.6-635008
21690	2CXO J192955.8+181837
22454	2CXO J075542.4-293353
22693	2CXO J130247.6-635008
22694	2CXO J130247.6-635008
23437	2CXO J130247.6-635008
23643	2CXO J110713.9-595223
24862	2CXO J130247.6-635008
24905	2CXO J130247.6-635008
