ID,RAdeg,DEdeg,ePos,r_Pos,SpType,r_SpType,Class,Mx,e_Mx,r_Mx,Mo,e_Mo,r_Mo,Per,e_Per,r_Per,PerSupOrb,e_PerSupOrb,r_PerSupOrb,Ecc,e_Ecc,r_Ecc,PerSpin,e_PerSpin,r_PerSpin,RV,e_RV,r_RV,Dist,e_Dist,E_Dist,IGRvar,Swiftvar,XMMvar,Chandravar,Var,AGILE,RA1deg,DE1deg,ePos1,r_Pos1,HEAO,RA2deg,DE2deg,ePos2,UHURU4,RA3deg,DE3deg,ePos3,ARIEL3,RA4deg,DE4deg,ePos4,IGR,RA5deg,DE5deg,ePos5,ROSAT,RA7deg,DE7deg,ePos7,r_Pos7,ROSATF,RA8deg,DE8deg,ePos8,FERMI,RA9deg,DE9deg,ePos9,SAX,RA10deg,DE10deg,ePos10,r_Pos10,Swift,RA11deg,DE11deg,ePos11,r_Pos11,XMM,RA12deg,DE12deg,ePos12,Chandra,RA13deg,DE13deg,ePos13,r_Pos13,2MASS,RA14deg,DE14deg,ePos14,GaiaDR3,RA15deg,DE15deg,ePos15,ID_Fortin24,Notes
IGR J00370+6122,9.290132580203235,61.36013319063004,8.413794450461865e-06,,BN0.7 Ib,2014A&A...566A.131G,sg,,,,22.0,,2014A&A...563A...1G,15.6649,0.0014,2021PASJ...73.1389U,,,,0.48,0.03,2014A&A...563A...1G,674.0,,2021PASJ...73.1389U,-80.0,3.0,2014A&A...563A...1G,3401.0,-171.0,186.0,Y,11.253456115722656,1.0,,Y,,,,,,,,,,,,,,,,,,IGR J00370+6122,9.29,61.36,0.03283333381017049,,,,,,,,,,,,,,IGR J00370+6122,9.256,61.338,0.045000000794728594,,2SXPS J003709.6+612135,9.29002,61.35994,0.0007500000132454766,,4XMM J003709.8+612136,9.291179,61.360154,0.0003758091666666667,,,,,,2MASS J00370963+6121363,9.290125,61.360111,1.9444444527228672e-05,427234969757165952,9.290132580203235,61.36013319063004,2.337165125128296e-09,,
gam Cas,14.177450998208093,60.71672280471204,0.00183359968662262,,B0.5IVpe,2011ARep...55...31S,Be,,,,13.0,0.0,2000A&A...364L..85H,203.371,0.089,2012A&A...537A..59N,,,,0.26,0.04,2000A&A...364L..85H,,,,-0.018,0.075,2012A&A...537A..59N,,,,,,1.0,,Y,,,,,,1H0053+604,14.0072,60.7605,0.12732395637079105,,,,,3A 0053+604,14.1784,60.7203,0.0,gam Cas,14.161,60.703,0.01049999992052714,1WGA J0056.7+6042,14.1792,60.7168,0.003611111111111111,,,,,,,,,,gamma Cas.,14.165,60.702,0.026666667064030966,,,,,,,4XMM J005642.4+604300,14.176882,60.716688,0.0002360313888888889,,,,,,2MASS J00564251+6043002,14.177127,60.716743,8.055555323759715e-05,426558460884582016,14.177450998208093,60.71672280471204,5.093332462840611e-07,,
EM* AS   14,18.996040698840275,59.15394486765568,1.0982572101056578e-05,,B2,1960IzKry..24..160B,,,,,,,,,,,,,,,,,,,,,,,2592.0,-140.0,156.0,,,0.0,,,,,,,,,,,,,,,,,,,,,,,,,,,,,,,,,,,,,,,,,,,,,,,4XMM J011558.9+590913,18.995724,59.153879,0.00042597611111111115,,,,,,2MASS J01155905+5909141,18.996062,59.153919,1.6666666294137637e-05,414196617287885312,18.996040698840275,59.15394486765568,3.050714472515716e-09,,
2S 0114+650,19.511227046863358,65.29162260285469,7.461200468242169e-06,,B1Iae,2015A&A...579A.111K,sg,,,,16.0,2.0,2017ApJ...844...16H,11.5983,0.0006,1985ApJ...299..839C,30.76,0.03,2013ApJ...778...45C,0.18,0.05,2006A&A...458..513K,10008.0,36.0,1992A&A...262L..25F,-31.0,5.0,2003RMxAA..39...17K,4475.0,-183.0,217.0,,1.1632421016693115,1.0,,Y,,,,,,,,,,,,,,3A 0114+650,19.5073,65.293,0.0,1A 0114+650,19.511,65.292,0.006833333273728689,1WGA J0118.0+6517,19.5071,65.2948,0.003611111111111111,,,,,,,,,,3A 0114+650,19.51,65.288,0.02833333412806193,,2SXPS J011802.8+651726,19.51207,65.2908,0.0009722222222222222,,4XMM J011802.6+651731,19.511153,65.291956,0.00026943222222222224,,,,,,2MASS J01180266+6517298,19.511102,65.291618,1.6666666294137637e-05,524924310153249920,19.511227046863358,65.29162260285469,2.0725556856228246e-09,,
4U 0115+634,19.63319348306226,63.74252240557648,1.0895621031522753e-05,,B0.2Ve,2001A&A...369..108N,Be,,,,17.5,,1996MNRAS.280L..31P,24.3174,0.0004,2010MNRAS.406.2663R,,,,0.339,0.005,2010MNRAS.406.2663R,3.6,,1978IAUC.3163....1C,,,,5787.0,-453.0,817.0,Y,140.8064422607422,0.0,,Y,,,,,,1H0115+635,19.8177,63.8225,0.10652686514900077,,,,,,,,,4U 0115+634,19.633,63.74,0.0033333333830038708,,,,,,,,,,,,,,4U 0115+634,19.667,63.736,0.03333333333333333,,2SXPS J011831.6+634431,19.63174,63.74222,0.0006388888756434123,,4XMM J011831.9+634433,19.633109,63.742706,0.00012241833333333333,,,,,,2MASS J01183196+6344330,19.633192,63.742519,1.6666666294137637e-05,524677469790488960,19.63319348306226,63.74252240557648,3.026561397645209e-09,,
IGR J01363+6610,23.95771733364349,66.21202346679833,7.443145383149386e-06,,B1Ve,2005A&A...440..637R,Be,,,,12.5,,1996MNRAS.280L..31P,159.0,2.0,2010ATel.3079....1C,,,,,,,,,,,,,5816.0,-407.0,413.0,YY,,0.0,,Y,,,,,,,,,,,,,,,,,,IGR J01363+6610,23.956,66.212,0.0603333314259847,,,,,,,,,,,,,,,,,,,,,,,,4XMM J013549.8+661243,23.957712,66.212053,0.00014654388888888888,,,,,,2MASS J01354986+6612433,23.957772,66.212029,3.05555553899871e-05,519352324516039680,23.95771733364349,66.21202346679833,2.0675403842081628e-09,,
RX J0146.9+6121,26.750875487648646,61.356572911514526,1.1500537395477297e-05,,B1IIIe,1997A&A...323..853M,Be,,,,9.6,,1996MNRAS.280L..31P,330.0,,2018MNRAS.481.2779S,,,,,,,1407.4,3.0,1998A&A...330..189H,,,,2751.0,-138.0,162.0,Y,1.3019517660140991,1.0,,Y,,,,,,,,,,,,,,,,,,RX J0146.9+6121,26.751,61.357,0.03183333277702331,1WGA J0146.9+6121,26.7479,61.3579,0.013888888888888888,,,,,,,,,,RX J0146.9+6121,26.789,61.342,0.029999999205271403,,2SXPS J014659.9+612123,26.74966,61.35653,0.0009444444709353977,,4XMM J014700.2+612123,26.750835,61.356558,8.266694444444444e-05,,,,,,2MASS J01470019+6121236,26.75083,61.356567,1.6666666294137637e-05,511220031584305536,26.750875487648646,61.356572911514526,3.1945937209659156e-09,,
IGR J01583+6713,29.577032913394262,67.22318460660581,8.842416107654573e-06,,B2IVe+,2008MNRAS.386.2253K,Be,,,,12.5,,1996MNRAS.280L..31P,,,,,,,,,,469.2,,2008MNRAS.386.2253K,,,,6048.0,-472.0,464.0,Y,0.9996263384819031,,,Y,,,,,,,,,,,,,,,,,,IGR J01583+6713,29.576,67.224,0.03316666682561239,,,,,,,,,,,,,,,,,,,2SXPS J015818.3+671324,29.57629,67.22337,0.0009722222222222222,,,,,,,,,,,2MASS J01581848+6713234,29.57701,67.223183,2.2222221725516848e-05,518990967445248256,29.577032913394262,67.22318460660581,2.456226696570715e-09,,
LS I+61 303,40.131931264833995,61.22933050838676,7.332205772399903e-06,,B0Ve,1981PASP...93..741H,"$\gamma$\,Be",,,,12.5,,2005MNRAS.360.1105C,26.496,0.0028,2002ApJ...575..427G,1628.0,48.0,2016A&A...585A.123M,0.537,0.03,2009ApJ...698..514A,,,,-41.41,0.6,2009ApJ...698..514A,2504.0,-67.0,72.0,,1.9183762073516846,1.0,1.0,Y,,,,,,,,,,,,,,,,,,LS I+61 303,40.132,61.229,0.03466666539510091,1WGA J0240.5+6113,40.1304,61.2276,0.003611111111111111,,,,,,4FGL J0240.5+6113,40.1426,61.2287,0.005427,1E 0236.6+6100,40.178,61.237,0.07166666984558105,,2SXPS J024031.5+611345,40.13163,61.22926,0.00041666666666666664,,4XMM J024031.6+611345,40.131943,61.229307,2.3006111111111112e-05,2CXO J024031.6+611345,40.13207107390224,61.22922704085952,0.0001980353685843237,,2MASS J02403165+6113456,40.131903,61.229343,1.6666666294137637e-05,465645515129855872,40.131931264833995,61.22933050838676,2.0367238256666397e-09,,
Swift J0243.6+6124,40.91843191991435,61.434377668355616,6.756731308996677e-06,,O9.5V,2020A&A...640A..35R,Be,,,,,,,28.3,0.2,2018A&A...613A..19D,,,,0.092,0.007,2018A&A...613A..19D,9.8661,0.0003,2017ATel10812....1J,,,,5189.0,-314.0,291.0,,23.120481491088867,1.0,,Y,,,,,,,,,,,,,,,,,,,,,,1WGA J0243.6+6127,40.9167,61.4507,0.013888888888888888,,,,,,,,,,,,,,,2SXPS J024340.5+612604,40.91899,61.4346,0.00041666666666666664,,4XMM J024340.4+612602,40.918518,61.433929,0.0005279077777777778,,,,,,2MASS J02434041+6126037,40.918407,61.43438,1.6666666294137637e-05,465628193526364416,40.91843191991435,61.434377668355616,1.8768698080546326e-09,,
V 0332+53,53.749629724978455,53.17313997828423,1.392948441207409e-05,,O8.5Ve,1999MNRAS.307..695N,Be,,,,18.8,,2005A&A...436.1049M,36.5,0.29,2010MNRAS.406.2663R,,,,0.417,0.007,2010MNRAS.406.2663R,4.4,,1985ApJ...288L..45S,,,,5584.0,-506.0,730.0,Y,25.0,0.0,0.0,Y,,,,,,,,,,,,,,,,,,EXO 0331+530,53.75,53.173,0.0030000001192092896,1WGA J0335.0+5310,53.7537,53.1747,0.003611111111111111,,,,,,,,,,,,,,,2SXPS J033500.0+531020,53.75011,53.1725,0.0009722222222222222,,4XMM J033459.8+531022,53.749315,53.172985,0.0005441991666666667,2CXO J033459.9+531023,53.7495926223873,53.173194404103256,0.00021187558857577122,,2MASS J03345990+5310233,53.749603,53.173149,1.6666666294137637e-05,444752973131169664,53.749629724978455,53.17313997828423,3.8693012255761365e-09,,
X Per,58.84615062234396,31.045836091857545,2.955361269414425e-05,,B1Ve,2019A&A...622A.173Z,Be,,,,15.5,,1997MNRAS.286..549L,250.3,0.6,2001ApJ...546..455D,,,,0.111,0.02,2001ApJ...546..455D,837.6712,0.0003,2001ApJ...546..455D,1.0,0.9,2007ApJ...660.1398G,595.0,-13.0,17.0,,,1.0,,Y,,,,,,1H0352+308,58.843,31.0456,0.0,,,,,3A 0352+309,58.8231,31.0657,0.026631716287250192,X Per,58.846,31.046,0.004833333194255829,1WGA J0355.3+3102,58.8458,31.0497,0.003611111111111111,,,,,,,,,,X Per,58.859,31.072,0.02833333412806193,,,,,,,4XMM J035522.9+310244,58.845756,31.045833,0.00017797805555555554,2CXO J035523.1+310244X,58.846357071460645,31.045570208639266,0.00039365631012323513,,2MASS J03552309+3102449,58.846228,31.045828,1.6666666294137637e-05,168450545792009600,58.84615062234396,31.045836091857545,8.209336859484514e-09,,
XTE J0421+560,64.92556123476727,55.999360679043434,1.2604312971234324e-05,,B0/2I[e],2002A&A...392..991H,sgB[e],,,,,,,19.41,0.02,2006ASPC..355..305B,,,,,,,,,,-51.0,2.0,2016MNRAS.456.1424A,4094.0,-206.0,276.0,,4.9136128425598145,1.0,,Y,,,,,,,,,,,,,,,,,,,,,,,,,,,,,,,,,,,,,,,,2SXPS J041942.0+555957,64.92529,55.99927,0.0009722222222222222,,4XMM J041942.1+555957,64.92559,55.999346,6.334166666666667e-05,,,,,,2MASS J04194212+5559577,64.925528,55.999374,1.9444444527228672e-05,276644757710014976,64.92556123476727,55.999360679043434,3.5011980475650897e-09,,
RX J0440.9+4431,70.24720739300419,44.53034418647852,1.1905986815690996e-05,,B0.2Ve,2005A&A...440.1079R,Be,,,,17.5,,1996MNRAS.280L..31P,150.0,,2013A&A...553A.103F,,,,,,,202.5,0.5,1999MNRAS.306..100R,,,,2444.0,-77.0,60.0,Y,7.4148149490356445,1.0,,Y,,,,,,,,,,,,,,,,,,RX J0440.9+4431,70.247,44.53,0.009166666865348816,1WGA J0440.9+4431,70.2496,44.5314,0.003611111111111111,,1RXS  J044100.3+443137,70.25125,44.52708,0.0044444444444444444,,,,,,,,,,2SXPS J044059.2+443149,70.24676,44.53034,0.0009722222222222222,,4XMM J044059.1+443149,70.246651,44.530435,0.0005278097222222222,,,,,,2MASS J04405932+4431492,70.24719,44.530342,1.6666666294137637e-05,252878401557369088,70.24720739300419,44.53034418647852,3.3072185599141654e-09,,
EXO 051910+3737.7,80.64680481184236,37.6759929364201,2.539787441492081e-05,,B0III-IVe,1990A&A...231..354P,Be,,,,17.5,,1996MNRAS.280L..31P,,,,,,,,,,,,,-20.5,4.4,2006AstL...32..759G,1317.0,-52.0,55.0,,,,,,,,,,,1H0521+373,81.1503,37.3749,0.2723363761718749,4U 0515+38,80.47583333333333,38.500277777777775,0.21260145793846053,,,,,,,,,,,,,,,,,,,,,,,,,,,,,,,,,,,,,,,,,2MASS J05223522+3740336,80.646768,37.676014,1.9444444527228672e-05,184497471323752064,80.64680481184236,37.6759929364201,7.05496511525578e-09,,
1A 0535+262,84.72739245821431,26.31577524440175,2.025070041418076e-05,,O9.5III-Ve,1998PASP..110.1310W,Be,,,,20.0,,2001A&A...377..161O,110.3,0.3,2001A&A...377..161O,,,,0.47,0.02,1996ApJ...459..288F,103.4,0.02,2005ATel..557....1S,-30.0,4.0,1984PASP...96..312H,1793.0,-71.0,76.0,Y,25.127817153930664,1.0,1.0,Y,,,,,,,,,,,,,,3A 0535+262,84.7275,26.3175,0.0,1A 0535+262,84.727,26.316,0.0030000001192092896,,,,,,,,,,,,,,,,,,,2SXPS J053854.5+261856,84.72741,26.31559,0.0005555555555555556,,4XMM J053854.5+261857,84.72737,26.315868,6.981666666666667e-05,2CXO J053854.5+261856,84.72741720967537,26.31572486957622,0.00019719805588546663,,2MASS J05385458+2618568,84.727427,26.315798,1.9444444527228672e-05,441207615229815040,84.72739245821431,26.31577524440175,5.625194559494655e-09,,
AAO+28  342,88.9793400429246,28.78510745617743,2.533307857811451e-05,,B5ne,1950ApJ...111..495P,Be,,,,,,,,,,,,,,,,,,,,,,1600.0,-73.0,95.0,,,,,,,,,,,,,,,,,,,,,,,,,,,,,,,,,,,,,,,,,,,,,,,,,,,,,,,,,,,2MASS J05555504+2847064,88.979362,28.785112,1.6666666294137637e-05,431561565357225088,88.9793400429246,28.78510745617743,7.036966271698476e-09,,
IGR J06074+2205,91.86088634197857,22.096597258920347,1.589739322662354e-05,,B0.5Ve,2010A&A...522A.107R,Be,,,,14.6,,1996MNRAS.280L..31P,,,,,,,,,,373.226,0.013,2018A&A...613A..52R,18.9,4.1,2017AJ....153..174C,5989.0,-603.0,559.0,,1.1058824062347412,1.0,0.0,Y,,,,,,,,,,,,,,,,,,IGR J06074+2205,91.85,22.083333333333332,0.03333333333333333,,,,,,,,,,,,,,,,,,,2SXPS J060726.5+220549,91.86063,22.09698,0.0009722222222222222,,4XMM J060726.5+220547,91.860792,22.096484,0.00011725805555555555,2CXO J060726.6+220547,91.86092699679034,22.096589875450412,0.0001976208442612933,,,,,,423526544838563328,91.86088634197857,22.096597258920347,4.415942562950983e-09,,
HD 259440,98.24690241608782,5.800320528353365,1.7513766884803775e-05,,B0pe,1982IAUS...98..261J,"$\gamma$\,Be",1.4,,2010ApJ...724..306A,15.7,2.5,2010ApJ...724..306A,317.3,0.7,2021ApJ...923..241A,,,,0.62,0.2,2018PASJ...70...61M,,,,36.9,0.8,2018PASJ...70...61M,1772.0,-86.0,93.0,,2.6937499046325684,0.0,,,,,,,,,,,,,,,,,,,,,,,,,,,,,,,,,4FGL J0632.8+0550,98.2139,5.8453,0.061796,,,,,,2SXPS J063259.2+054801,98.24684,5.80042,0.0003333333465788099,,4XMM J063259.2+054801,98.246902,5.80036,7.999027777777779e-05,,,,,,2MASS J06325925+0548012,98.246913,5.800357,1.6666666294137637e-05,131822364779745536,98.24690241608782,5.800320528353365,4.864935245778826e-09,,
SAX J0635.2+0533,98.82616381073139,5.551744844144263,1.171821728348732e-05,,B2V-B1IIIe,1999ApJ...523..197K,Be,,,,9.6,,1996MNRAS.280L..31P,11.2,0.5,2000ApJ...542L..41K,,,,0.29,0.09,2000ApJ...542L..41K,0.034,,2000ApJ...528L..25C,,,,6290.0,-492.0,655.0,,3.439316511154175,0.0,,,,,,,,,,,,,,,,,,,,,,,,,,,,,,,,,,,,,,,,,,2SXPS J063518.2+053307,98.82602,5.55203,0.0009722222222222222,,4XMM J063518.2+053306,98.826196,5.551779,0.00019345333333333335,,,,,,2MASS J06351827+0533063,98.826156,5.55176,2.2222221725516848e-05,131755947406031104,98.82616381073139,5.551744844144263,3.255060356524256e-09,,
3A 0656-072,104.56043808872012,-7.2124898520261,3.8049243390560156e-05,,O9.7Ve,2003ATel..202....1P,Be,,,,15.6,,2005A&A...436.1049M,101.2,,2015A&ARv..23....2W,,,,,,,160.4,0.4,2006A&A...451..267M,,,,218.0,-2.0,2.0,Y,,,0.0,Y,,,,,,,,,,,,,,,,,,3A 0656-072,104.57,-7.21,0.012333333492279053,1WGA J0658.2-0712,104.5617,-7.212,0.003611111111111111,,1RXS  J065817.0-071221,104.57083,-7.20597,0.004722222222222222,,,,,,,,,,2SXPS J065814.2-071243,104.55948,-7.21198,0.0011111111111111111,,,,,,2CXO J065814.5-071245,104.56045991125347,-7.212520415353012,0.0001975655086379587,,2MASS J06581450-0712449,104.560455,-7.212483,1.6666666294137637e-05,52677284433717504,104.56043808872012,-7.2124898520261,1.05692342751556e-08,,
3A 0726-260,112.2232407535484,-26.108019042809907,9.049843996763231e-06,,O5Ve,2016ApJS..224....4M,Be,,,,38.1,,2005A&A...436.1049M,34.548,0.01,2016ATel.9823....1C,,,,,,,103.144,0.001,2020RAA....20..155R,,,,7869.0,-1082.0,1199.0,,15.690475463867188,,1.0,Y,,,,,,1H0726-259,112.0843,-26.0935,0.16843375507935768,,,,,3A 0726-260,112.224,-26.1741,0.06366197818539553,3A 0726-260,112.209,-26.099,0.0731666644414266,,,,,,,,,,,,,,3A 0726-260,112.21,-26.1,0.038333332538604735,,2SXPS J072853.5-260629,112.22301,-26.10807,0.00047222223546769884,,,,,,2CXO J072853.5-260629,112.22328497456192,-26.108064695650018,0.00019720544861327678,,2MASS J07285357-2606289,112.223237,-26.10803,1.6666666294137637e-05,5613494119551805440,112.2232407535484,-26.108019042809907,2.513845554656453e-09,,
SGR 0755-2933,118.9270218136784,-29.56485835566189,8.715487085282803e-06,,O6-8,2003AJ....125.2531R,,,,,25.29,,2005A&A...436.1049M,260.0,,2021A&A...647A.165D,,,,,,,307.8,0.04,2021A&A...647A.165D,,,,3356.0,-154.0,159.0,,21.272727966308594,,,Y,,,,,,,,,,,,,,,,,,,,,,,,,,,,,,,,,,,,,,,,2SXPS J075542.5-293353,118.9272,-29.5649,0.0006111111243565878,,,,,,2SXPS J075542.5-293353,118.9271642,-29.5648607,0.0005555555555555556,2021A&A...647A.165D,2MASS J07554248-2933535,118.927032,-29.564863,1.6666666294137637e-05,5597252305589386240,118.9270218136784,-29.56485835566189,2.420968634800779e-09,,
RX J0812.4-3114,123.11814876922769,-31.247806699969043,7.459855172783137e-06,,B0.2IVe,2001A&A...367..266R,Be,,,,17.5,,1996MNRAS.280L..31P,80.39,3.0,2019MNRAS.488.4427Z,,,,,,,31.908,0.009,2019MNRAS.488.4427Z,,,,6659.0,-422.0,528.0,,,1.0,0.0,Y,,,,,,,,,,,,,,,,,,,,,,,,,,,,,,,,,,,RX J0812.4-3114,123.14,-31.245,0.034999998410542806,,,,,,,4XMM J081228.3-311452,123.118121,-31.247798,8.622833333333332e-05,2CXO J081228.3-311452,123.11795205035514,-31.247874095275513,0.00020386105211272088,,2MASS J08122835-3114521,123.118152,-31.247808,1.6666666294137637e-05,5548261400354128896,123.11814876922769,-31.247806699969043,2.0721819924397603e-09,,
IGR J08262-3736,126.55687950869762,-37.61995049188073,6.468711886554957e-06,,OBV,2010A&A...519A..96M,Be,,,,,,,,,,,,,,,,,,,,,,5124.0,-228.0,279.0,,1.3000000715255737,1.0,,Y,,,,,,,,,,,,,,,,,,IGR J08262-3736,126.558,-37.62,0.0668333371480306,,,,,,,,,,,,,,,,,,,2SXPS J082613.6-373712,126.55697,-37.62017,0.0009722222222222222,,4XMM J082613.6-373711,126.556898,-37.619982,6.985277777777778e-05,,,,,,2MASS J08261365-3737118,126.55689,-37.619972,1.6666666294137637e-05,5541793213959988224,126.55687950869762,-37.61995049188073,1.7968644129319325e-09,,
GS 0834-430,128.981075,-43.1856,0.05999999865889549,,B0-2 III-Ve,2000MNRAS.314...87I,Be,,,,13.5,0.0,1996MNRAS.280L..31P,105.8,0.4,1997ApJ...479..388W,,,,0.14,0.04,1997ApJ...479..388W,12.3203,0.0015,1993A&A...271..487B,,,,,,,,1.668207049369812,,,,,,,,,,,,,,,,,,,,,,,,,1WGA J0835.9-4311,128.9804,-43.1879,0.003611111111111111,,,,,,,,,,,,,,,2SXPS J083555.3-431109,128.98057,-43.1859,0.0009722222222222222,,,,,,,,,,,2MASS J08355545-4311081,128.981075,-43.1856,1.6666666294137637e-05,,,,,,
IGR J08408-4503,130.199187,-45.058395,0.05999999865889549,,O8.5Ib-II(f)p,2014ApJS..211...10S,SFXT,,,,33.0,,2015A&A...583L...4G,9.5436,0.0002,2015A&A...583L...4G,,,,0.63,0.03,2015A&A...583L...4G,,,,15.3,0.5,2015A&A...583L...4G,,,,Y,13.27918815612793,1.0,,Y,,,,,,,,,,,,,,,,,,IGR J08408-4503,130.196,-45.059,0.05433333317438761,,,,,,,,,,,,,,,,,,,2SXPS J084047.8-450330,130.19919,-45.0584,0.00047222223546769884,,4XMM J084047.8-450330,130.199384,-45.058389,8.819611111111111e-05,,,,,,2MASS J08404780-4503302,130.199187,-45.058395,1.6666666294137637e-05,,,,,,
Vela X-1,135.5285587975077,-40.55465296117549,1.086020562797785e-05,,B0.5Iae-1b,1978mcts.book.....H,sg,2.12,0.16,2015A&A...577A.130F,26.0,1.0,2015A&A...577A.130F,8.96302,0.00045,1997MNRAS.286L..21S,,,,0.107,0.08,1997MNRAS.286L..21S,283.0,,1976ApJ...206L..99M,-3.2,0.9,1997MNRAS.286L..21S,1960.0,-52.0,57.0,,2.2933709621429443,1.0,,Y,,,,,,1H0859-403,135.4734,-40.5577,0.06676924468224589,,,,,3A 0900-403,135.5335,-40.5579,0.0,Vela X-1,135.529,-40.555,0.0028333333631356556,1WGA J0902.1-4033,135.5292,-40.5534,0.003611111111111111,,,,,,,,,,Vela X-1,135.519,-40.53,0.026666667064030966,,2SXPS J090206.6-403315,135.52764,-40.55439,0.0009722222222222222,,4XMM J090206.9-403316,135.528763,-40.554697,0.00012716416666666666,,,,,,2MASS J09020686-4033168,135.528591,-40.554676,1.6666666294137637e-05,5620657678322625536,135.5285587975077,-40.55465296117549,3.0167237855494027e-09,,
GRO J1008-57,152.4456445370427,-58.2932074753388,1.1654465459287169e-05,,B0e,1994MNRAS.270L..57C,Be,,,,17.5,,1996MNRAS.280L..31P,247.8,0.4,2007MNRAS.378.1427C,,,,0.68,0.02,2007MNRAS.378.1427C,93.587,0.005,1993IAUC.5836....1S,,,,3536.0,-152.0,148.0,Y,17.896825790405273,,1.0,Y,,,,,,,,,,,,,,,,,,GRO J1008-57,152.442,-58.292,0.006999999781449636,1WGA J1009.7-5817,152.4433,-58.2918,0.003611111111111111,,,,,,,,,,GRO J1008-57,152.451,-58.307,0.038333332538604735,,2SXPS J100946.9-581735,152.44575,-58.29324,0.0003888888822661506,,,,,,2CXO J100946.9-581736,152.44572935978067,-58.2934105965886,0.00019731630629298173,,2MASS J10094697-5817355,152.445744,-58.293198,1.9444444527228672e-05,5258414192353423360,152.4456445370427,-58.2932074753388,3.237351516468658e-09,,
IGR J10101-5654,152.54941599149674,-56.925542470323926,6.864461302757265e-05,,sgB[e],2013A&A...560A.108C,sgB[e],,,,,,,,,,,,,,,,,,,,,,4474.0,-1171.0,1094.0,Y,0.9983193278312683,,0.0,Y,,,,,,,,,,,,,,,,,,IGR J10101-5654,152.549,-56.926,0.03666666746139526,,,,,,,,,,,,,,IGR J10101-5654,152.548,-56.928,0.05666666825612386,,2SXPS J101012.0-565534,152.5502,-56.92631,0.0009722222222222222,,,,,,2CXO J101011.8-565532,152.54942368170305,-56.925561020471726,0.00020030082839532327,,2MASS J10101186-5655320,152.549443,-56.925571,1.6666666294137637e-05,5259009543533179904,152.54941599149674,-56.925542470323926,1.9067948063214624e-08,,
1FGL J1018.6-5856,154.7315592681715,-58.94609420856299,9.345570579171182e-06,,O6V,2015ApJ...813L..26S,"$\gamma$\,Be",1.4,,2015ApJ...805...18W  AND  2015,23.0,3.0,2015ApJ...805...18W  AND  2015,16.5507,0.0004,2022MNRAS.515.1078V,,,,0.531,0.03,2022MNRAS.515.1078V,,,,55.3,13.1,2022MNRAS.515.1078V,4324.0,-204.0,209.0,,2.244537830352783,1.0,1.0,Y,,,,,,,,,,,,,,,,,,,,,,,,,,,,,,,4FGL J1018.9-5856,154.7417,-58.9433,0.007462,,,,,,2SXPS J101855.6-585646,154.73179,-58.94613,0.0003333333465788099,,4XMM J101855.5-585646,154.73161,-58.946143,5.655666666666667e-05,2CXO J101855.6-585645,154.7316808741541,-58.94608962689713,0.0001972479514212037,,2MASS J10185560-5856459,154.731685,-58.946098,1.6666666294137637e-05,5255509901121774592,154.7315592681715,-58.94609420856299,2.5959918275475504e-09,,
4U 1036-56,159.39717,-56.798859,0.05999999865889549,,B0III-Ve,1997A&A...323..853M,Be,,,,17.5,,1996MNRAS.280L..31P,60.9,,2018MNRAS.481.2779S,,,,,,,860.0,2.0,1999MNRAS.306..100R,,,,,,,Y,0.9998365640640259,1.0,,Y,,,,,,,,,,,,,,,,,,4U 1036-56,159.391,-56.799,0.019499999284744263,,,,,,,,,,,,,,4U 1036-56,159.397,-56.791,0.04000000158945719,,2SXPS J103735.5-564754,159.39793,-56.79848,0.0009722222222222222,,4XMM J103735.2-564756,159.397081,-56.799061,0.00020131388888888887,,,,,,2MASS J10373532-5647558,159.39717,-56.798859,1.6666666294137637e-05,,,,,,
HD 96670,166.80799982116994,-59.873098173924156,2.308371663093567e-05,,O7V(f)n,1993ApJS...87..197G,Be,6.2,0.9,2021ApJ...913...48G,22.7,5.2,2021ApJ...913...48G,5.28388,0.00046,2021ApJ...913...48G,,,,0.12,0.01,2021ApJ...913...48G,,,,-27.5,0.02,2021ApJ...913...48G,3131.0,-253.0,268.0,,1.1803029775619507,,,,,,,,,,,,,,,,,,,,,,,,,1WGA J1107.2-5952,166.805,-59.8756,0.003611111111111111,,,,,,,,,,,,,,,2SXPS J110713.8-595222,166.80781,-59.87305,0.0008333333333333333,,,,,,,,,,,2MASS J11071394-5952231,166.808113,-59.873085,1.6666666294137637e-05,5337747731560719360,166.80799982116994,-59.873098173924156,6.412143508593242e-09,,
1A 1118-615,170.23817252151974,-61.91670671055608,8.774157613515856e-06,,O9.5III-Ve,1981A&A....99..274J,Be,,,,18.0,,2005A&A...436.1049M,24.0,,2015A&ARv..23....2W,,,,,,,405.3,0.6,1975Natur.254..578I,,,,2899.0,-76.0,86.0,Y,22.456478118896484,,1.0,Y,,,,,,,,,,,,,,,,,,1A 1118-615,170.238,-61.916,0.006000000238418579,1WGA J1120.9-6154,170.2346,-61.9147,0.003611111111111111,,,,,,,,,,,,,,,2SXPS J112057.0-615459,170.2376,-61.91641,0.0003888888822661506,,,,,,2CXO J112057.1-615500,170.23817818828093,-61.91670073301312,0.00019871148241582158,,2MASS J11205717-6155002,170.238236,-61.916733,1.6666666294137637e-05,5336957010898123776,170.23817252151974,-61.91670671055608,2.4372660037544042e-09,,
Cen X-3,170.3128552789008,-60.62377582639316,1.163389999419451e-05,,O6-7 II-III,1999MNRAS.307..357A,sg,1.34,0.16,2007A&A...473..523V,20.2,1.8,2007A&A...473..523V,2.033,0.029,2021JApA...42...58S,,,,0.0001,0.0,2010MNRAS.401.1532R,4.80188,8.5e-05,2021JApA...42...58S,32.0,13.0,2007A&A...473..523V,6784.0,-572.0,634.0,,1.7746574878692627,1.0,1.0,Y,,,,,,1H1118-602,170.2753,-60.5742,0.022507906570083832,,,,,3A 1119-603,170.3155,-60.6243,0.0,Cen X-3,170.316,-60.623,0.0033333333830038708,1WGA J1121.2-6037,170.3142,-60.6212,0.003611111111111111,,,,,,,,,,Cen X-3,170.318,-60.615,0.026666667064030966,,2SXPS J112115.1-603728,170.31301,-60.62448,0.0009722222222222222,,4XMM J112115.0-603725,170.312826,-60.623801,5.6357500000000004e-05,2CXO J112115.1-603725,170.31298589700782,-60.62382885414958,0.00019724056028643143,,2MASS J11211509-6037256,170.312877,-60.623787,1.6666666294137637e-05,5337498593446516736,170.3128552789008,-60.62377582639316,3.2316388872762527e-09,,
IGR J11215-5952,170.44505383091672,-59.863312990570876,9.73532907664776e-06,,B1Ia,1993ApJS...89..293V,SFXT,,,,,,,164.6,0.1,2018MNRAS.481.2779S,,,,0.8,,2018MNRAS.481.2779S,186.78,0.03,2020A&A...638A..71S,,,,7175.0,-563.0,516.0,Y,19.068965911865234,1.0,,Y,,,,,,,,,,,,,,,,,,IGR J11215-5952,170.445,-59.863,0.02433333396911621,,,,,,,,,,,,,,,,,,,2SXPS J112146.8-595148,170.44538,-59.86338,0.00044444445106718274,,4XMM J112146.8-595147,170.44507,-59.863327,4.777277777777778e-05,,,,,,2MASS J11214682-5951479,170.445085,-59.863316,2.777777819169892e-05,5339047221168787456,170.44505383091672,-59.863312990570876,2.7042580768465998e-09,,
IGR J11305-6256,172.77874085540492,-62.946919022640415,3.6007065325975426e-05,,B0IIIe,1977ApJS...35..111G,Be,,,,17.5,,1996MNRAS.280L..31P,120.83,0.34,2013arXiv1305.3916L,,,,,,,,,,-22.0,7.4,2007AN....328..889K,1731.0,-111.0,139.0,Y,1.898630142211914,,1.0,Y,,,,,,,,,,,,,,,,,,IGR J11305-6256,172.779,-62.947,0.015333333611488342,,,,,,,,,,,,,,,,,,,2SXPS J113106.9-625649,172.77898,-62.94705,0.0008333333333333333,,,,,,2CXO J113106.9-625648,172.77893499808192,-62.946931875481866,0.0001981880630960622,,2MASS J11310691-6256489,172.778814,-62.946941,1.9444444527228672e-05,5333660129603575808,172.77874085540492,-62.946919022640415,1.0001962590548729e-08,,
IGR J11435-6109,176.00117181802423,-61.126795789105415,2.363178320229054e-05,,B0.5Ve,2013A&A...560A.108C,Be,,,,14.6,0.0,1996MNRAS.280L..31P,52.46,0.06,2005ATel..377....1C,,,,,,,161.76,0.01,2004ATel..362....1I,,,,7863.0,-1217.0,1373.0,Y,,,0.0,Y,,,,,,,,,,,,,,,,,,IGR J11435-6109,176.001,-61.127,0.011333333452542622,,,,,,1RXS  J114358.1-610736,175.99208,-61.12667,0.004166666666666667,,,,,IGR J11435-6109,176.009,-61.123,0.04000000158945719,,,,,,,,,,,2CXO J114400.3-610736,176.00132755128527,-61.126777405019844,0.00020014428276644787,,2MASS J11440030-6107364,176.001261,-61.126801,1.6666666294137637e-05,5335021664274920448,176.00117181802423,-61.126795789105415,6.564384222858483e-09,,
1E 1145.1-6141,176.86894042633617,-61.953719225831875,7.541968487203122e-06,,B2Iae,1982MNRAS.201..171D,sg,1.7,0.3,1987PASP...99..420H,14.0,4.0,1987PASP...99..420H,14.365,0.002,2002ApJ...581.1293R,,,,0.2,0.03,2002ApJ...581.1293R,298.0,4.0,1980ApJ...239..651L,-13.0,3.0,1987PASP...99..420H,8097.0,-566.0,603.0,,2.603947401046753,1.0,,Y,,,,,,,,,,,,,,3A 1145-616,176.8796,-61.928,0.045015813140167664,1E 1145.1-6141,176.869,-61.954,0.004833333194255829,1WGA J1147.4-6156,176.8658,-61.9492,0.013888888888888888,,,,,,,,,,1E 1145.1-6141,176.847,-61.961,0.026666667064030966,,2SXPS J114727.9-615715,176.86661,-61.95432,0.0007777777645323012,,4XMM J114728.5-615713,176.869022,-61.953732,5.8105833333333335e-05,,,,,,2MASS J11472856-6157134,176.86902,-61.953732,1.6666666294137637e-05,5334851450481641472,176.86894042633617,-61.953719225831875,2.0949912464453117e-09,,
2E 1145.5-6155,177.0000300154924,-62.20691022592309,1.404924225062132e-05,,B1III-Ve,1982IAUS...98..151P,Be,,,,12.5,,1996MNRAS.280L..31P,187.5,,2018MNRAS.481.2779S,,,,0.5,,2018MNRAS.481.2779S,292.274,0.001,1987MNRAS.225..369C,-17.0,7.4,2007AN....328..889K,2063.0,-87.0,80.0,Y,4.856287479400635,,1.0,Y,,,,,,,,,,,,,,3A 1145-619,177.0407,-62.228,0.06366197818539553,2E 1145.5-6155,177.0,-62.207,0.014666666587193808,1WGA J1148.0-6212,177.0008,-62.2064,0.013888888888888888,,1RXS  J114800.3-621227,177.00125,-62.2075,0.002777777777777778,,,,,2E 1145.5-6155,176.993,-62.196,0.03333333333333333,,2SXPS J114759.1-621224,176.99626,-62.20684,0.0007777777645323012,,,,,,2CXO J114800.0-621224,177.00012611507077,-62.206866408122224,0.00019744556158556248,,2MASS J11480002-6212249,177.000114,-62.206936,1.6666666294137637e-05,5334823859608495104,177.0000300154924,-62.20691022592309,3.902567291839256e-09,,
EXMS B1210-645,183.31156879290245,-64.87513252303748,1.2357387691736223e-05,,B2V,2009A&A...495..121M,Be,,,,9.6,,1996MNRAS.280L..31P,6.7,0.0005,2014ApJ...793...77C,,,,,,,,,,,,,3352.0,-161.0,180.0,,1.7794445753097534,,,,,,,,,,,,,4U 1210-64,183.93916666666667,-65.19611111111111,0.04444955725566514,,,,,EXMS B1210-645,183.272,-64.897,0.041833333174387616,,,,,,,,,,,,,,EXMS B1210-645,183.308,-64.887,0.029999999205271403,,2SXPS J121314.9-645230,183.31228,-64.87512,0.0005833333068423801,,,,,,,,,,,2MASS J12131479-6452304,183.311635,-64.87513,1.6666666294137637e-05,6053076566300434432,183.31156879290245,-64.87513252303748,3.4326076921489508e-09,,
GX 301-2,186.65645139154256,-62.77035949368261,1.2048251926898958e-05,,B1.5Iaeq,1982PASP...94..541H,sg,,,,43.0,10.0,2006A&A...457..595K,41.498,0.002,2006A&A...457..595K,,,,0.462,0.01,2006A&A...457..595K,680.0,,1976ApJ...209L.119W,4.1,2.4,2006A&A...457..595K,3604.0,-195.0,204.0,,2.0436294078826904,,0.0,,,,,,,,,,,,,,,3A 1223-624,186.6598,-62.7668,0.0,GX 301-2,186.657,-62.771,0.0030000001192092896,,,,,,,,,,,,,,GX 301-2,186.707,-62.776,0.026666667064030966,,2SXPS J122637.2-624613,186.65506,-62.7705,0.0007500000132454766,,,,,,2CXO J122637.5-624613,186.65663420703447,-62.77029589179813,0.0002002098283898697,,2MASS J12263756-6246132,186.656502,-62.770348,1.6666666294137637e-05,6054569565614460928,186.65645139154256,-62.77035949368261,3.3467366463608215e-09,,
IGR J12341-6143,188.467,-61.796,238.8000011444092,,,2020MNRAS.491.4543S,SFXT?,,,,,,,,,,,,,,,,,,,,,,,,,Y,,,,Y,,,,,,,,,,,,,,,,,,IGR J12341-6143,188.467,-61.796,0.06633333365122478,,,,,,,,,,,,,,,,,,,,,,,,,,,,,,,,,,,,,,,,,,
1H 1238-599,190.42741,-60.27217,4.300000190734863,,,,,,,,,,,,,,,,,,,,191.0,,1985MNRAS.212..219B,,,,,,,,1.392727255821228,,,,,,,,,1H1238-599,190.2538,-60.2343,0.40813237586628975,,,,,3A 1239-599,190.5058,-60.2041,0.0,,,,,1WGA J1242.3-5955,190.5971,-59.9231,0.013888888888888888,,,,,,,,,,,,,,,2SXPS J124142.5-601619,190.42741,-60.27217,0.001194444497426351,,,,,,,,,,,,,,,,,,,,
1H 1249-637,190.70931703328822,-63.05864217078729,5.2880953997373586e-05,,B0.5IVpe,2006MNRAS.371..252L,Be,,,,9.6,,2005A&A...441..235Z,226.0,6.0,2012ApJ...755...64S,,,,,,,14200.0,1400.0,2001A&A...377..148T,22.0,7.0,2007AN....328..889K,439.0,-15.0,15.0,,1.7920600175857544,1.0,,Y,,,,,,,,,,,,,,,,,,1H 1249-637,190.709,-63.059,0.05766666730244954,,,,,,,,,,,,,,1H 1249-637,190.673,-63.049,0.03666666746139526,,2SXPS J124249.0-630342,190.70452,-63.06178,0.0011666666136847601,,4XMM J124250.3-630330,190.709612,-63.058576,5.545222222222222e-05,,,,,,2MASS J12425028-6303310,190.709517,-63.058636,8.055555323759715e-05,6055103928246312960,190.70931703328822,-63.05864217078729,1.468915388815933e-08,,
1A 1244-604,190.824821,-60.201519,0.07000000029802322,,,,,,,,,,,,,,,,,,,,,,,,,,,,,,3.937089443206787,,,,,,,,,1H1238-599,190.2538,-60.2343,0.40813237586628975,,,,,3A 1239-599,190.5058,-60.2041,0.0,,,,,,,,,,,,,,,,,,,,,,,2SXPS J124318.1-601204,190.82572,-60.20124,0.0017222221692403158,,,,,,,,,,,2MASS J12431795-6012054,190.824821,-60.201519,1.9444444527228672e-05,,,,,,
GX 304-1,195.3211964950643,-61.601844813228226,8.986628614366056e-06,,B2Vne,1980MNRAS.190..537P,Be,,,,9.6,,1996MNRAS.280L..31P,132.5,,2015A&ARv..23....2W,,,,,,,272.0,,1977ApJ...216L..15M,,,,1856.0,-45.0,36.0,Y,9.802817344665527,,,Y,,,,,,,,,,,,,,3A 1258-613,195.3226,-61.5991,0.0,GX 304-1,195.322,-61.602,0.022166667381922404,,,,,,,,,,,,,,,,,,,2SXPS J130117.0-613604,195.32092,-61.60133,0.0006388888756434123,,,,,,,,,,,2MASS J13011709-6136065,195.321234,-61.601833,1.6666666294137637e-05,5863533199843069952,195.3211964950643,-61.601844813228226,2.4962857262127933e-09,,
IGR J13020-6359,195.49460523930014,-63.96912167623403,5.994626507163048e-05,,B0-6Ve,2018A&A...618A.150F,Be,,,,17.5,,1996MNRAS.280L..31P,,,,,,,,,,700.0,,2005MNRAS.364..455C,,,,5952.0,-1339.0,2377.0,,5.38194465637207,1.0,,Y,,,,,,,,,,,,,,,,,,IGR J13020-6359,195.497,-63.968,0.02433333396911621,1WGA J1301.9-6358,195.4908,-63.9693,0.003611111111111111,,,,,,,,,,IGR J13020-6359,195.473,-63.974,0.04333333174387614,,2SXPS J130158.6-635808,195.49441,-63.96903,0.0009166666534211901,,4XMM J130158.7-635808,195.494631,-63.969006,7.365972222222222e-05,,,,,,2MASS J13015871-6358089,195.494639,-63.969162,2.2222221725516848e-05,5862285700835092480,195.49460523930014,-63.96912167623403,1.6651740297675134e-08,,
PSR B1259-63,195.69848851536304,-63.83573123376698,8.934320881962778e-06,,O9.5Ve,2011ApJ...732L..11N,"$\gamma$\,Be",,,,22.5,7.5,2018MNRAS.479.4849M,1236.724526,6e-06,2018MNRAS.479.4849M,,,,0.8698797,6e-08,2018MNRAS.479.4849M,0.04776,,1992ApJ...387L..37J,0.0,1.0,1994MNRAS.268..430J,2170.0,-58.0,62.0,,2.951533555984497,0.0,0.0,,,,,,,,,,,,,,,,,,,PSR B1259-63,195.75,-63.833,0.04483333428700765,1WGA J1302.8-6350,195.7004,-63.8342,0.003611111111111111,,,,,,4FGL J1302.9-6349,195.7274,-63.8304,0.026458,,,,,,2SXPS J130247.6-635008,195.69848,-63.8358,0.0009166666534211901,,4XMM J130247.6-635008,195.698624,-63.835718,4.956833333333333e-05,2CXO J130247.6-635008,195.69851279983368,-63.83570891537525,0.00019719805588546663,,2MASS J13024765-6350085,195.698571,-63.835712,1.6666666294137637e-05,5862299960127967232,195.69848851536304,-63.83573123376698,2.481755800545216e-09,,
IGR J13186-6257,199.60661593678492,-62.97081244662011,5.6067209690809255e-05,,B0-6Ve,2018A&A...618A.150F,Be,,,,17.5,,1996MNRAS.280L..31P,,,,,,,,,,,,,,,,3469.0,-901.0,1102.0,,5.991329669952393,,0.0,Y,,,,,,,,,,,,,,,,,,IGR J13186-6257,199.605,-62.971,0.05433333317438761,,,,,,,,,,,,,,,,,,,2SXPS J131825.4-625814,199.6062,-62.97072,0.0007500000132454766,,,,,,2CXO J131825.0-625815,199.60443591216847,-62.97097619561346,0.0002067881360558974,,2MASS J13182505-6258156,199.604394,-62.97102,3.05555553899871e-05,5862260304669852672,199.60661593678492,-62.97081244662011,1.557422491411368e-08,,
SAX J1324.4-6200,201.111047,-62.02198,0.10999999940395357,,Be?,2008A&A...483..249M,Be?,,,,,,,1.1291666666666667,0.0,2002MNRAS.337.1245L,,,,,,,172.84,,2008A&A...483..249M,,,,,,,,0.9995624423027039,1.0,0.0,Y,,,,,,,,,,,,,,,,,,,,,,,,,,,,,,,,,,,4U 1323-62,201.10958333333332,-62.014722222222225,0.025,1998A&A...339L..41A,2SXPS J132426.7-620118,201.11136,-62.02179,0.0005555555555555556,,4XMM J132426.5-620118,201.110494,-62.021692,0.0005300675,2CXO J132426.6-620119,201.1111980374926,-62.022090628253345,0.00020199497736663987,,2MASS J13242665-6201191,201.111047,-62.02198,3.05555553899871e-05,,,,,4U 1323-62,Ambiguous with LMXB: 4U 1323-62
HD 119682,206.63566597037007,-62.923386961743525,1.6893604770302775e-05,,B0Ve,2006MNRAS.371..252L,Be,,,,17.5,,1996MNRAS.280L..31P,90.0,,2022MNRAS.510.2286N,,,,,,,1500.0,100.0,2007ApJ...659..407S,,,,1597.0,-65.0,80.0,,0.9995207190513611,1.0,0.0,Y,,,,,,,,,,,,,,,,,,,,,,1WGA J1346.5-6255,206.6346,-62.925,0.003611111111111111,,1RXS  J134633.6-625528,206.64,-62.92445,0.007222222222222222,4FGL J1345.3-6253,206.3306,-62.885,0.054272,,,,,,2SXPS J134632.5-625521,206.63566,-62.92261,0.0010833333598242866,,4XMM J134632.5-625524,206.635626,-62.92339,6.487111111111111e-05,2CXO J134632.5-625523,206.63574158723975,-62.92332859338032,0.00019731630629298173,,2MASS J13463256-6255241,206.635687,-62.923386,1.6666666294137637e-05,5864664975280537600,206.63566597037007,-62.923386961743525,4.69266799175077e-09,,
IGR J14059-6116,211.310065,-61.307838,0.07999999821186066,,O6 III,2019ApJ...884...93C,$\gamma$,,,,34.53,,2005A&A...436.1049M,13.7135,0.0019,2019ApJ...884...93C,,,,,,,,,,,,,,,,Y,,0.0,0.0,Y,,,,,,,,,,,,,,,,,,IGR J14059-6116,211.485,-61.275,0.06883333524068197,,,,,,,,,,4FGL J1405.1-6119,211.2982,-61.3321,0.016343,,,,,,,,,,,4XMM J140514.3-611828,211.309872,-61.30788,0.0001099425,2CXO J140514.4-611827,211.31012286976033,-61.30771898157028,0.0002704619614610887,,2MASS J14051441-6118282,211.310065,-61.307838,2.2222221725516848e-05,,,,,,
MAXI J1409-619,212.01132,-61.983891,0.07000000029802322,,,,,,,,,,,14.7,0.4,2020MNRAS.496.1768D,,,,,,,503.0,10.0,2010ATel.3060....1K,,,,,,,,,,,,,,,,,,,,,,,,,,,,,,,,,,,,,,,,,,,,,,,,,,,2SXPS J140802.4-615854,212.01068,-61.9834,0.0005277777777777777,2010ATel.2962....1K,,,,,,,,,,2MASS J14080271-6159020,212.01132,-61.983891,1.9444444527228672e-05,,,,,,
H 1417-624,215.3006080258188,-62.69892176003013,2.1726837381720546e-05,,B1e,1984ApJ...276..621G,Be,,,,12.5,0.0,1996MNRAS.280L..31P,42.12,,1996A&AS..120C.209F,,,,0.446,,1996A&AS..120C.209F,17.64,,1981ApJ...243..251K,,,,7428.0,-1811.0,3095.0,Y,3.640540361404419,,1.0,Y,,,,,,,,,,,,,,3A 1417-624,215.3073,-62.6986,0.0,H 1417-624,215.303,-62.698,0.023333332935969033,,,,,,,,,,,,,,H 1417-624,215.302,-62.706,0.03166666626930237,,2SXPS J142112.2-624155,215.3011,-62.6987,0.000722222195731269,,,,,,2CXO J142112.1-624156,215.30058944148482,-62.6989986717492,0.0001991328878283824,,2MASS J14211216-6241560,215.300697,-62.69891,1.6666666294137637e-05,5854175187710794752,215.3006080258188,-62.69892176003013,6.035232606033485e-09,,
IGR J14331-6112,218.28465330128793,-61.26107376019224,6.372292339801789e-05,,BV-IIIe,2008A&A...482..113M,Be,,,,,,,,,,,,,,,,,,,,,,2551.0,-565.0,609.0,,1.0002226829528809,,0.0,,,,,,,,,,,,,,,,,,,IGR J14331-6112,218.285,-61.261,0.05766666730244954,,,,,,,,,,,,,,,,,,,2SXPS J143307.9-611540,218.2831,-61.26127,0.0009999999735090467,,,,,,2CXO J143308.3-611540,218.2847193831468,-61.26111951024233,0.00020167174445559374,,2MASS J14330833-6115397,218.284748,-61.261055,1.6666666294137637e-05,5878377736381364224,218.28465330128793,-61.26107376019224,1.770081205500497e-08,,
IGR J14488-5942,222.180092,-59.703815,0.07000000029802322,,O-BVe,2013A&A...560A.108C,Be,,,,,,,49.63,0.05,2017ApJ...846..161C,,,,,,,33.419,0.001,2017ApJ...846..161C,,,,,,,Y,,,,Y,,,,,,,,,,,,,,,,,,IGR J14488-5942,222.205,-59.701,0.05316666762034098,,,,,,,,,,,,,,,,,,,2SXPS J144843.2-594213,222.18054166666667,-59.704527777777784,0.0010277777777777778,2009ATel.2355....1L,,,,,,,,,,2MASS J14484322-5942137,222.180092,-59.703815,1.9444444527228672e-05,,,,,,
Cir X-1,230.1701764075732,-57.166742166539116,0.00010015206784009935,,B5-A0 I,2007MNRAS.374..999J,sg,,,,,,,16.68,0.15,2007MNRAS.374..999J,,,,0.45,0.07,2007MNRAS.374..999J,,,,26.0,3.0,2007MNRAS.374..999J,7469.0,-2103.0,2320.0,Y,12.22797966003418,1.0,1.0,Y,,,,,,1H1516-569,230.1687,-57.1702,0.0,,,,,3A 1516-569,230.1687,-57.1702,0.0,Cir X-1,230.17,-57.167,0.006999999781449636,,,,,,,,,,,,,,Cir X-1,230.152,-57.171,0.026666667064030966,,2SXPS J152040.6-571002,230.16932,-57.16725,0.0003333333465788099,,4XMM J152040.8-571000,230.170212,-57.166711,3.6484166666666665e-05,2CXO J152040.8-571000,230.17019994130055,-57.166675240896126,0.0001971943594176303,,2MASS J15204084-5710001,230.1702,-57.166706,1.6666666294137637e-05,5883218164517055488,230.1701764075732,-57.166742166539116,2.7820018844472042e-08,,
4U 1538-522,235.59729827776863,-52.38601199162066,1.0904525406658652e-05,,B0.2Ia,1978MNRAS.184P..73P,sg,1.18,0.29,2004ARep...48...89A,20.0,,2004ARep...48...89A,3.72831,2e-05,2019ApJ...873...62H,14.913,0.0026,2021ApJ...906...13C,0.18,0.01,2015A&A...577A.130F,526.42,0.07,2019ApJ...873...62H,-158.0,11.0,2004ARep...48...89A,5614.0,-434.0,489.0,,0.9977940917015076,1.0,1.0,Y,,,,,,1H1538-522,235.5964,-52.3892,0.0,,,,,3A 1538-522,235.5964,-52.3892,0.0,4U 1538-522,235.597,-52.386,0.004666666686534882,,,,,,,,,,,,,,4U 1538-522,235.601,-52.367,0.02833333412806193,,2SXPS J154223.2-522311,235.59698,-52.38642,0.0009722222222222222,,4XMM J154223.3-522309,235.597399,-52.386009,6.771888888888889e-05,2CXO J154223.3-522309,235.5973242658672,-52.38605208585878,0.00019726827561392354,,2MASS J15422335-5223095,235.597322,-52.385994,1.6666666294137637e-05,5886085557746480128,235.59729827776863,-52.38601199162066,3.0290348351829587e-09,,
XTE J1543-568,236.02205987233023,-56.761674431771006,8.521351963281632e-05,,Be?,2001ApJ...553L.165I,Be?,,,,,,,75.56,0.25,2001ApJ...553L.165I,,,,0.03,0.0,2001ApJ...553L.165I,27.12156,0.00059,2001ApJ...553L.165I,,,,5388.0,-1925.0,2675.0,Y,1.001904845237732,,,Y,,,,,,,,,,,,,,,,,,XTE J1543-568,236.008,-56.712,0.022000000874201456,,,,,,,,,,,,,,XTE J1543-568,235.982,-56.776,0.034999998410542806,,2SXPS J154405.2-564541,236.02203,-56.76145,0.0009722222222222222,2012ATel.4008....1K,,,,,,,,,,2MASS J15440515-5645425,236.021468,-56.761826,1.6666666294137637e-05,5882543820303309824,236.02205987233023,-56.761674431771006,2.3670422120226756e-08,,
1H 1555-552,238.59067450082784,-55.32898953059539,1.2693593278527261e-05,,B2IIIn,2003AJ....126.2971V,,,,,19.4,5.0,2015MNRAS.453..976F,,,,,,,,,,,,,,,,1327.0,-35.0,27.0,,,,,,,,,,,,,,,,,,,,,,,,,,,1WGA J1554.3-5519,238.5925,-55.3261,0.003611111111111111,,,,,,,,,,,,,,,,,,,,,,,,,,,,,2MASS J15542182-5519443,238.590917,-55.328995,1.6666666294137637e-05,5884544931471259648,238.59067450082784,-55.32898953059539,3.525998132924239e-09,,
H 1553-542,239.45139166911795,-54.415098072891354,0.002228639602661133,,B1-2 V,2016MNRAS.462.3823L,Be,,,,10.8,,1996MNRAS.280L..31P,30.6,2.2,1983ApJ...274..765K,,,,,,,9.282155,3e-06,2022ApJ...927..194M,,,,,,,Y,1.1469969749450684,,0.0,Y,,,,,,,,,,,,,,,,,,H 1553-542,239.452,-54.435,0.036833333969116214,,,,,,,,,,,,,,,,,,,2SXPS J155747.9-542452,239.44972,-54.41466,0.0009722222222222222,,,,,,2CXO J155748.3-542453,239.45126835830047,-54.41473210124061,0.00023003488698164026,,2MASS J15574819-5424541,239.45082,-54.415031,1.9444444527228672e-05,5884711610544522240,239.45139166911795,-54.415098072891354,6.190665562947592e-07,,
IGR J16195-4945,244.8840954475876,-49.741826170029775,4.2187917977571495e-05,,ON9.7Iab,2013A&A...560A.108C,SFXT?,,,,27.8,,2005A&A...436.1049M,16.0,,2015A&ARv..23....2W,,,,,,,,,,,,,2642.0,-258.0,275.0,,3.976410388946533,,1.0,Y,,,,,,,,,,,,,,,,,,AX J161929-4945,244.884,-49.742,0.019833334287007648,,,,,,,,,,,,,,,,,,,2SXPS J161932.3-494431,244.88493,-49.742,0.0003333333465788099,,,,,,2CXO J161932.2-494430,244.88417750000247,-49.74182372915542,0.00020012060823760357,,2MASS J16193220-4944305,244.884172,-49.741814,1.6666666294137637e-05,5935509395659726848,244.8840954475876,-49.741826170029775,1.171886610488097e-08,,
IGR J16207-5129,245.19273371546788,-51.501706020142436,3.752019628882409e-05,,B1Ia,2008A&A...486..911N,sg,,,,,,,9.726,,2011ATel.3785....1J,,,,,,,,,,,,,8582.0,-1718.0,2016.0,,1.2660305500030518,1.0,0.0,Y,,,,,,,,,,,,,,,,,,IGR J16207-5129,245.193,-51.502,0.013333333532015483,,,,,,,,,,,,,,,,,,,2SXPS J162046.2-513006,245.19263,-51.50173,0.0008333333333333333,,4XMM J162046.2-513005,245.192628,-51.501542,0.00020342722222222223,2CXO J162046.2-513006,245.19279721306884,-51.50170619892737,0.00019790281526728848,,2MASS J16204627-5130060,245.192798,-51.501675,1.6666666294137637e-05,5934776158877214720,245.19273371546788,-51.501706020142436,1.042227674689558e-08,,
SWIFT J1626.6-5156,246.652188,-51.941818,0.05999999865889549,,B0Ve,2011A&A...533A..23R,Be,,,,17.5,0.0,1996MNRAS.280L..31P,132.89,0.03,2010ApJ...711.1306B,,,,0.08,0.01,2010ApJ...711.1306B,15.346577,1e-06,2010ApJ...711.1306B,,,,,,,Y,19.177330017089844,,1.0,Y,,,,,,,,,,,,,,,,,,SWIFT J1626.6-5156,246.651,-51.943,0.02700000007947286,,,,,,,,,,,,,,,,,,,2SXPS J162636.4-515629,246.65188,-51.94155,0.0003055555621782939,,,,,,2CXO J162636.5-515630,246.65212584542132,-51.94182522723753,0.0001972091448732584,,2MASS J16263652-5156305,246.652188,-51.941818,1.6666666294137637e-05,,,,,,
IGR J16283-4838,247.045134,-48.648914,0.10999999940395357,,OBI,2011A&A...526A..15P,sg,,,,,,,287.6,1.7,2013ApJ...775L..25C,,,,,,,,,,,,,,,,Y,6.209121227264404,0.0,,Y,,,,,,,,,,,,,,,,,,IGR J16283-4838,247.045,-48.649,0.022000000874201456,,,,,,,,,,,,,,,,,,,2SXPS J162810.7-483854,247.04488,-48.6486,0.0006944444444444445,,4XMM J162810.8-483856,247.045058,-48.648904,0.00022998388888888888,,,,,,2MASS J16281083-4838560,247.045134,-48.648914,3.05555553899871e-05,,,,,,
IGR J16318-4848,247.95125817288326,-48.81687706740887,0.00013132824003696443,,sgB[e],2004ApJ...616..469F,sgB[e],,,,,,,80.09,0.012,2017MNRAS.471..355I,,,,,,,,,,,,,6663.0,-2034.0,4052.0,,1.2762845754623413,1.0,,Y,,,,,,,,,,,,,,,,,,IGR J16318-4848,247.952,-48.817,0.004166666666666667,,,,,,,,,,,,,,,,,,,2SXPS J163148.2-484900,247.95118,-48.81694,0.00044444445106718274,,4XMM J163148.3-484900,247.951312,-48.816834,3.107305555555556e-05,,,,,,2MASS J16314831-4849005,247.951306,-48.816818,1.6666666294137637e-05,5940777877435137024,247.95125817288326,-48.81687706740887,3.6480066676934564e-08,,
AX J1631.9-4752,248.007333,-47.874722,0.07999999821186066,,O8I,2008A&A...484..801R,sg,,,,33.7,0.0,2005A&A...436.1049M,8.96,0.01,2005ATel..649....1C,,,,0.2,0.01,2018A&A...618A..61G,1309.0,40.0,2005A&A...433L..41L,,,,,,,,1.0382238626480103,1.0,1.0,Y,,,,,,,,,,,,,,,,,,AX J1631.9-4752,248.008,-47.874,0.004833333194255829,,,,,,,,,,,,,,AX J1631.9-4752,248.004,-47.883,0.04833333492279053,,2SXPS J163201.6-475229,248.00669,-47.87482,0.0003055555621782939,,4XMM J163201.7-475228,248.007343,-47.874716,2.7751666666666664e-05,2CXO J163201.8-475228,248.00779628385635,-47.874450298695564,0.00043468751387443124,,2MASS J16320175-4752289,248.007333,-47.874722,2.2222221725516848e-05,,,,,MAXI J1631-479,Ambiguous with LMXB: MAXI J1631-479
IGR J16328-4726,248.1582873474919,-47.394547554521985,0.000517222285270691,,O8Iafpe,2013A&A...560A.108C,SFXT,,,,33.7,0.0,2005A&A...436.1049M,10.068,0.002,2013ApJ...762...19F,,,,,,,,,,,,,2131.0,-1012.0,1769.0,,8.433649063110352,1.0,,Y,,,,,,,,,,,,,,,,,,IGR J16328-4726,248.158,-47.395,0.020666666825612384,,,,,,,,,,,,,,,,,,,2SXPS J163237.9-472340,248.15793,-47.39469,0.0002499999933772617,,4XMM J163237.8-472341,248.157591,-47.394838,7.010444444444444e-05,,,,,,2MASS J16323791-4723409,248.157967,-47.394699,3.05555553899871e-05,5941324334694123520,248.1582873474919,-47.394547554521985,1.436728570196364e-07,,
IGR J16327-4940,248.16638484576487,-49.70382899144433,4.1116662323474884e-05,,OB III,2010A&A...519A..96M,,,,,,,,,,,,,,,,,,,,,,,13138.0,-3256.0,4426.0,Y,,,,Y,,,,,,,,,,,,,,,,,,IGR J16327-4940,248.172,-49.666,0.08399999936421712,,,,,,,,,,,,,,,,,,,,,,,,,,,,,,,,,2MASS J16323995-4942137,248.166467,-49.703823,1.6666666294137637e-05,5940576971716472832,248.16638484576487,-49.70382899144433,1.1421295089854135e-08,,
IGR J16374-5043,249.30623574098402,-50.72459536144133,0.0004927367866039276,,,2020MNRAS.491.4543S,SFXT?,,,,,,,,,,,,,,,,,,,,,,4224.0,-1799.0,3433.0,Y,2.233757972717285,,,Y,,,,,,,,,,,,,,,,,,IGR J16374-5043,249.306,-50.725,0.03983333508173625,,,,,,,,,,,,,,,,,,,2SXPS J163713.4-504330,249.30615,-50.72527,0.0011111111111111111,,,,,,,,,,,,,,,5940285090050544640,249.30623574098402,-50.72459536144133,1.3687132961220213e-07,,
AX J163904-4642,249.772846,-46.703545,0.527513,,BIV-V,2008A&A...484..783C,Be,,,,,,,4.23785,1.2e-05,2015MNRAS.446.4148I,14.99,0.01,2013ApJ...778...45C,,,,908.79,0.01,2015MNRAS.446.4148I,,,,,,,,4.194029808044434,1.0,1.0,Y,,,,,,,,,,,,,,,,,,AX J163904-4642,249.773,-46.704,0.008666666348775227,,,,,,,,,,,,,,,,,,,2SXPS J163905.4-464212,249.77267,-46.70339,0.0002777777777777778,,4XMM J163905.4-464212,249.772846,-46.703545,0.0001465313888888889,2CXO J163905.4-464212,249.77277626951116,-46.70349767899887,0.00019770381865634985,,,,,,,,,,,
IGR J16418-4532,250.461623,-45.540375,0.05999999865889549,,BN0.5Ia,2013A&A...560A.108C,SFXT?,,,,,,,3.753,0.004,2006ATel..779....1C,14.73,0.006,2013ApJ...778...45C,,,,1246.0,,2006A&A...453..133W,,,,,,,,12.179930686950684,1.0,,Y,,,,,,,,,,,,,,,,,,IGR J16418-4532,250.462,-45.541,0.011000000437100728,,,,,,,,,,,,,,,,,,,2SXPS J164150.7-453225,250.46139,-45.54048,0.0003888888822661506,,4XMM J164150.7-453225,250.461503,-45.540385,0.0002367677777777778,,,,,,2MASS J16415078-4532253,250.461623,-45.540375,1.6666666294137637e-05,,,,,,
IGR J16465-4507,251.64690161252628,-45.11796081034128,1.5588409267365932e-05,,O9.5Ia,2008A&A...486..911N,SFXT,,,,27.8,,2005A&A...436.1049M,30.24,,2018MNRAS.481.2779S,,,,,,,228.0,,2006A&A...453..133W,,,,2912.0,-148.0,224.0,,5.216980934143066,0.0,,Y,,,,,,,,,,,,,,,,,,IGR J16465-4507,251.648,-45.118,0.026500000556310018,,,,,,,,,,,,,,,,,,,2SXPS J164635.5-450706,251.64805,-45.11841,0.0003055555621782939,,4XMM J164635.2-450706,251.646915,-45.11842,0.0003313513888888889,,,,,,2MASS J16463526-4507045,251.64692,-45.117943,1.6666666294137637e-05,5943246345430928384,251.64690161252628,-45.11796081034128,4.330113685379426e-09,,
IGR J16479-4514,252.027341,-45.201893,0.05999999865889549,,O9.5Iab,2008A&A...486..911N,SFXT,,,,27.8,0.0,2005A&A...436.1049M,3.3194,0.001,2009MNRAS.397L..11J,11.88,0.002,2013ApJ...778...45C,,,,,,,,,,,,,,18.702970504760742,1.0,0.0,Y,,,,,,,,,,,,,,,,,,IGR J16479-4514,252.027,-45.202,0.011833332975705465,,,,,,,,,,,,,,,,,,,2SXPS J164806.7-451206,252.02804,-45.20177,0.0003055555621782939,,4XMM J164806.7-451208,252.028078,-45.20227,0.00013778222222222223,2CXO J164806.5-451206,252.027449666989,-45.20189501589111,0.00020197512880926695,,2MASS J16480656-4512068,252.027341,-45.201893,1.6666666294137637e-05,,,,,,
IGR J16493-4348,252.362308,-43.81918,0.05999999865889549,,B0.5Ib,2008ATel.1396....1N,sg,,,,,,,6.7828,0.0004,2019ApJ...873...86P,20.058,0.007,2019ApJ...879...34C,0.0,,2019ApJ...873...86P,1093.1036,0.0004,2019ApJ...873...86P,,,,,,,,2.398514747619629,,1.0,Y,,,,,,,,,,,,,,,,,,IGR J16493-4348,252.362,-43.819,0.018666666746139527,,,,,,,,,,,,,,,,,,,2SXPS J164926.9-434908,252.3623,-43.81916,0.00041666666666666664,,,,,,2CXO J164926.9-434909,252.36221437611403,-43.819215650460315,0.00019779228631161655,,2MASS J16492695-4349090,252.362308,-43.81918,1.6666666294137637e-05,,,,,,
AX J1700-419,255.01813049348277,-41.96821726439932,0.00029624703526496887,,Be?,,,,,,,,,,,,,,,,,,714.5,0.3,1999ApJ...523L..65T,,,,3282.0,-1153.0,1564.0,,1.132307767868042,1.0,1.0,Y,,,,,,,,,,,,,,,,,,,,,,,,,,,,,,,,,,,,,,,,2SXPS J170004.4-415806,255.01858,-41.96838,0.0007500000132454766,,4XMM J170004.5-415809,255.019005,-41.96921,0.0002716836111111111,2CXO J170004.3-415805,255.01812966456748,-41.96819871399359,0.00020255354602536545,,,,,,5966358530819164160,255.01813049348277,-41.96821726439932,8.229084312915802e-08,,
AX J1700.2-4220,255.08037320535254,-42.33863811657038,0.7274027344534137,,B0.5IVe,2007A&A...461..631N,Be,,,,14.6,,1996MNRAS.280L..31P,44.03,0.03,2017ApJ...846..161C,,,,,,,54.22,0.03,2010ATel.2564....1M,,,,,,,,3.1675822734832764,0.0,0.0,,,,,,,,,,,,,,,,,,,AX J1700.2-4220,255.075,-42.34,0.020666666825612384,,,,,,,,,,,,,,,,,,,2SXPS J170019.3-422020,255.08074,-42.33914,0.0007777777645323012,,4XMM J170019.3-422019,255.080446,-42.338873,0.0005307341666666667,2CXO J170019.2-422019,255.08037320535254,-42.33863811657038,0.00020205631512594825,,,,,,,,,,AX J1659.0-4208,Ambiguous with LMXB: AX J1659.0-4208
OAO 1657-415,255.203682,-41.65596,0.05999999865889549,,Ofpe/WN9,2009A&A...505..281M,WR,1.42,0.26,2012MNRAS.422..199M,14.3,0.8,2012MNRAS.422..199M,10.44812,0.00013,2008A&A...486..293B,,,,0.107,0.001,2011AIPC.1379..212J,37.03322,0.00014,2022MNRAS.509.5747S,-57.2,3.0,2012MNRAS.422..199M,,,,,41.2440185546875,,,Y,,,,,,,,,,,,,,,,,,OAO 1657-415,255.204,-41.656,0.0033333333830038708,,,,,,,,,,,,,,OAO 1657-415,255.186,-41.673,0.03166666626930237,,2SXPS J170048.8-413920,255.20346,-41.65578,0.0009444444709353977,,,,,,,,,,,2MASS J17004888-4139214,255.203682,-41.65596,1.6666666294137637e-05,,,,,,
4U 1700-377,255.9865659301791,-37.8441202722809,2.1049443632364274e-05,,O6Iafcp,2014ApJS..211...10S,sg,1.96,0.19,2015A&A...577A.130F,46.0,5.0,2015A&A...577A.130F,3.41166,4e-06,2016MNRAS.461..816I,,,,0.03,0.02,2016MNRAS.461..816I,,,,-60.0,10.0,1986ApJS...61..419G,1499.0,-57.0,50.0,,1.425614595413208,1.0,,Y,,,,,,,,,,,,,,,,,,4U 1700-377,255.987,-37.844,0.0028333333631356556,,,,,,,,,,,,,,4U 1700-377,255.998,-37.859,0.026666667064030966,,2SXPS J170356.8-375038,255.98673,-37.84404,0.0009722222222222222,,4XMM J170356.7-375038,255.986597,-37.844118,3.350916666666667e-05,,,,,,2MASS J17035678-3750389,255.986612,-37.844158,1.6666666294137637e-05,5976382915813535744,255.9865659301791,-37.8441202722809,5.847067675656743e-09,,
AX J1714.1-3912,258.4329687698008,-39.20156570899884,0.0017848939895629885,,,2022MNRAS.512.2929S,sgB[e]/SFXT?,,,,,,,,,,,,,,,,,,,,,,,,,,,1.0,,Y,,,,,,,,,,,,,,,,,,,,,,,,,,,,,,,,,,,,,,,,,,,,,4XMM J171343.9-391206,258.432982,-39.201804,0.00012143305555555556,CXOU J171343.9-391205,258.4329166666666,-39.20138888888889,0.00016666666666666666,2018A&A...612A..32M,2MASS J17134391-3912055,258.432998,-39.201542,1.6666666294137637e-05,5972298848613585920,258.4329687698008,-39.20156570899884,4.95803885989719e-07,,
XTE J1716-389,258.985248,-38.864929,0.07999999821186066,,sg?,2010MNRAS.408.1866R,sg?,,,,,,,99.1,0.4,2006ApJS..163..372W,,,,,,,,,,,,,,,,Y,,,0.0,Y,,,,,,,,,,,,,,,,,,XTE J1716-389,258.983,-38.865,0.04433333476384481,,,,,,,,,,,,,,XTE J1716-389,258.983,-38.859,0.02833333412806193,,,,,,,,,,,2CXO J171556.4-385154,258.9851024127537,-38.865039922696944,0.00025961626703985854,,2MASS J17155645-3851537,258.985248,-38.864929,2.2222221725516848e-05,,,,,,
EXO 1722-363,261.297465,-36.282646,0.05999999865889549,,B0-1Ia,2009A&A...505..281M,sg,1.91,0.45,2015A&A...577A.130F,18.0,2.0,2015A&A...577A.130F,9.7403,0.0004,2007ApJ...661..447T,,,,0.19,-1.0,2007ApJ...661..447T,414.8,0.5,2006A&A...448..261Z,-6.5,3.8,2010A&A...509A..79M,,,,,2.746551752090454,1.0,,Y,,,,,,,,,,,,,,,,,,EXO 1722-363,261.297,-36.283,0.0064999997615814206,,,,,,,,,,,,,,,,,,,2SXPS J172511.2-361658,261.29682,-36.28297,0.0009999999735090467,,4XMM J172511.3-361657,261.297493,-36.282647,3.9470277777777776e-05,,,,,,2MASS J17251139-3616575,261.297465,-36.282646,1.6666666294137637e-05,,,,,,
IGR J17354-3255,263.86499688214946,-32.931823120905946,0.0003286957144737244,,O9Iab,2013A&A...560A.108C,SFXT,,,,29.6,0.0,2005A&A...436.1049M,8.447,0.002,2011MNRAS.417..573S,,,,,,,,,,,,,3826.0,-1769.0,1523.0,,2.6342756748199463,1.0,1.0,Y,,,,,,,,,,,,,,,,,,IGR J17354-3255,263.865,-32.932,0.02566666603088379,,,,,,,,,,,,,,,,,,,2SXPS J173527.7-325548,263.86551,-32.93008,0.0008888889021343655,,4XMM J173527.4-325554,263.86453,-32.931855,0.00030478777777777783,2CXO J173527.5-325554,263.86495209000736,-32.93176854477624,0.00019938895941434636,,2MASS J17352760-3255544,263.865018,-32.931797,1.6666666294137637e-05,4054559284753423872,263.86499688214946,-32.931823120905946,9.130436513159011e-08,,
IGR J17375-3022,264.39208,-30.38806,0.8999999761581421,,,2020MNRAS.491.4543S,SFXT?,,,,,,,,,,,,,,,,,,,,,,,,,Y,1.5710800886154175,,,Y,,,,,,,,,,,,,,,,,,IGR J17375-3022,264.391,-30.388,0.0428333322207133,,,,,,,,,,,,,,,,,,,2SXPS J173734.0-302317,264.39208,-30.38806,0.0002499999933772617,,,,,,,,,,,,,,,,,,,,
XTE J1739-302,264.79812927251425,-30.34381326584938,4.043272882699967e-05,,O8Iab(f),2006ApJ...638..982N,SFXT,,,,33.7,,2005A&A...436.1049M,51.47,,2018MNRAS.481.2779S,,,,,,,,,,,,,1929.0,-165.0,201.0,Y,55.32231140136719,1.0,1.0,Y,,,,,,,,,,,,,,,,,,XTE J1739-302,264.798,-30.344,0.012666666507720947,,,,,,,,,,,,,,,,,,,2SXPS J173911.6-302035,264.79835,-30.34331,0.00022222222553359137,,4XMM J173911.5-302037,264.798139,-30.343867,6.912361111111112e-05,2CXO J173911.5-302037,264.7981473417906,-30.34377428528035,0.00019847657361939984,,2MASS J17391155-3020380,264.798155,-30.343893,2.2222221725516848e-05,4056922105185686528,264.79812927251425,-30.34381326584938,1.1231313563055464e-08,,
GRS 1736-297,264.8879673628091,-29.724584205948762,0.0005910012722015382,,,,,,,,,,,,,,,,,,,,,,,,,,2271.0,-995.0,1723.0,Y,5.577821254730225,0.0,,Y,,,,,,,,,,,,,,,,,,GRS 1736-297,264.888,-29.724,0.03133333325386047,GRS 1736-297,264.8754166666666,-29.702222222222222,0.005277777777777778,?,,,,,,,,,,,,,,2SXPS J173929.9-294208,264.87489,-29.70224,0.0006666666931576198,,4XMM J173929.9-294209,264.874958,-29.702723,0.00013441666666666666,,,,,,,,,,4057023702632783872,264.8879673628091,-29.724584205948762,1.6416702005598283e-07,,
XTE J1743-363,265.755567,-36.372829,0.05999999865889549,,O9I/GIII-I,2010MNRAS.408.1866R,sg,,,,29.63,,2005A&A...436.1049M,,,,,,,,,,,,,,,,,,,Y,4.304687023162842,1.0,0.0,Y,,,,,,,,,,,,,,,,,,XTE J1743-363,265.755,-36.373,0.012000000476837159,,,,,,,,,,,,,,,,,,,2SXPS J174301.0-362218,265.75421,-36.37185,0.0003888888822661506,,4XMM J174301.2-362222,265.755295,-36.372783,7.842444444444446e-05,2CXO J174301.2-362222,265.7553941374191,-36.3728028156518,0.00021939856418734814,,2MASS J17430133-3622221,265.755567,-36.372829,1.6666666294137637e-05,,,,,SWIFT J1743.1-3620,Ambiguous with LMXB: SWIFT J1743.1-3620
RX J1744.7-2713,266.19068598153774,-27.2290321367955,1.9861849024891853e-05,,B0.5V-IIIe,2006A&A...454..265L,Be,,,,14.6,,1996MNRAS.280L..31P,,,,,,,,,,3245.0,350.0,2006A&A...454..265L,,,,1207.0,-29.0,33.0,,,1.0,1.0,Y,,,,,,,,,,,,,,,,,,,,,,1WGA J1744.7-2713,266.1892,-27.2306,0.003611111111111111,,1RXS  J174444.7-271326,266.18625,-27.22389,0.0038888888888888888,,,,,,,,,,,,,,,4XMM J174445.6-271344,266.190354,-27.22916,0.0003736363888888889,2CXO J174445.7-271344,266.1907234086141,-27.22902565509014,0.0002013154077865692,,2MASS J17444577-2713444,266.190711,-27.229004,1.6666666294137637e-05,4060784345959548928,266.19068598153774,-27.2290321367955,5.517180284692182e-09,,
AX J1749.1-2733,267.278701373619,-27.542513196255896,0.7175830655362672,,B1-3V,2010MNRAS.409L..69K,Be,,,,9.6,,1996MNRAS.280L..31P,185.5,1.1,2008A&A...489..657Z,,,,,,,66.09,0.07,2008A&A...489..657Z,,,,,,,Y,,1.0,0.0,Y,,,,,,,,,,,,,,,,,,AX J1749.1-2733,267.288,-27.553,0.01550000011920929,,,,,,,,,,,,,,,,,,,,,,,,4XMM J174906.8-273233,267.278484,-27.542625,0.00025158388888888887,2CXO J174906.8-273233,267.278701373619,-27.542513196255896,0.00019932862931562977,,,,,,,,,,,
AX J1749.2-2725,267.30166693798174,-27.42728618715055,0.7288817716962853,,B3V,2010MNRAS.409L..69K,Be,,,,7.7,,1996MNRAS.280L..31P,,,,,,,,,,220.38,0.2,1998ApJ...508..854T,,,,,,,,,0.0,1.0,Y,,,,,,,,,,,,,,,,,,,,,,,,,,,,,,,,,,,,,,,,2SXPS J174912.3-272538,267.30154,-27.42732,0.0011388888623979356,,4XMM J174912.4-272538,267.30179,-27.427365,0.00021756833333333334,2CXO J174912.4-272538,267.30166693798174,-27.42728618715055,0.0002024671588045237,,,,,,,,,,,
GRO J1750-27,267.304,-26.644055555555553,0.9,2019A&A...630A.105R,Be?,1997ApJS..113..367B,Be?,,,,,,,29.806,0.001,2009MNRAS.393..419S,,,,0.36,0.002,2009MNRAS.393..419S,4.45349,2e-05,2009MNRAS.393..419S,,,,,,,YY,,,,Y,,,,,,,,,,,,,,,,,,GRO J1750-27,267.3,-26.647,0.003666666646798452,GRO J1750-27,267.3029166666666,-26.643333333333334,0.0011111111111111111,Trumper1997_(in_press),,,,,,,,,,,,,,2SXPS J174912.3-263842,267.3045833333333,-26.643694444444446,0.001388888888888889,2008GCN..7274....1B,,,,,GRO J1750-27,267.304,-26.644055555555553,0.00025,2019A&A...630A.105R,,,,,,,,,,
IGR J17503-2636,267.575261,-26.604673,0.05999999865889549,,sg?,2018ATel11992....1M,SFXT?,,,,,,,,,,,,,,,,,,,,,,,,,,,,,,,,,,,,,,,,,,,,,,,,,,,,,,,,,,,,,,,,,,,,,IGR J17503-2636,267.57527,-26.60458,0.0006111111111111112,2018ATel11952....1C,,,,,,,,,,2MASS J17501806-2636168,267.575261,-26.604673,1.6666666294137637e-05,,,,,,
IGR J17544-2619,268.6052987030251,-26.331274336947732,2.2245995700359346e-05,,O9Ib,2006A&A...455..653P,SFXT,1.4,,2017AstL...43..664B,23.0,2.0,2017AstL...43..664B,12.172,0.007,2013BCrAO.109...27N,,,,0.44,0.1,2013BCrAO.109...27N,71.49,0.02,2012A&A...539A..21D,-46.8,4.0,2013BCrAO.109...27N,2425.0,-134.0,156.0,Y,81.88612365722656,1.0,1.0,Y,,,,,,,,,,,,,,,,,,IGR J17544-2619,268.605,-26.331,0.015333333611488342,,,,,,,,,,,,,,,,,,,2SXPS J175425.1-261952,268.60495,-26.33125,0.00022222222553359137,,4XMM J175425.2-261952,268.605307,-26.33128,3.644861111111111e-05,2CXO J175425.2-261952,268.60506792338583,-26.33138371772481,0.0003407468270688894,,2MASS J17542527-2619526,268.605314,-26.33128,1.6666666294137637e-05,4063908810076416000,268.6052987030251,-26.331274336947732,6.1794432500998185e-09,,
IGR J18027-2016,270.6747368583342,-20.28816679699591,0.00010467880219221117,,B1Ib,2010A&A...510A..61T,sg,1.5,0.4,2011A&A...532A.124M,20.0,3.0,2011A&A...532A.124M,4.5696,0.0009,2011A&A...532A.124M,,,,0.2,-1.0,2011A&A...532A.124M,139.612,0.006,2005A&A...439..255H,51.7,2.4,2011A&A...532A.124M,8526.0,-2438.0,4119.0,,15.271662712097168,1.0,,Y,,,,,,,,,,,,,,,,,,SAX J1802.7-201,270.675,-20.288,0.008333333333333333,,,,,,,,,,,,,,,,,,,2SXPS J180242.0-201717,270.67527,-20.28824,0.000722222195731269,,4XMM J180241.9-201717,270.674766,-20.288133,2.878111111111111e-05,,,,,,2MASS J18024194-2017172,270.674767,-20.288132,1.6666666294137637e-05,4070968778561141760,270.6747368583342,-20.28816679699591,2.907744505339199e-08,,
2MASS J18081689-1919395,272.070386,-19.327656,0.10999999940395357,,,,,,,,,,,,,,,,,,,,,,,,,,,,,,,0.0,,,,,,,,,,,,,,,,,,,,,,,,,,,,,,,,,,,,,,,,,,,,,,,4XMM J180816.8-191939,272.070034,-19.327592,0.0002752852777777778,,,,,,2MASS J18081689-1919395,272.070386,-19.327656,3.05555553899871e-05,,,,,,
SWIFT J1816.7-1613,274.1780034891092,-16.22283425276363,0.7656386282492309,,B0-2e,2019A&A...622A.198N,Be,,,,12.5,,1996MNRAS.280L..31P,151.1,0.5,2017ApJ...846..161C,,,,,,,143.6863,0.0002,2019A&A...622A.198N,,,,,,,Y,4.10043478012085,0.0,0.0,Y,,,,,,,,,,,,,,,,,,SWIFT J1816.7-1613,274.178,-16.223,0.017333332697550455,,,,,,,,,,,,,,,,,,,2SXPS J181642.5-161322,274.17723,-16.22304,0.00044444445106718274,,4XMM J181642.7-161321,274.178316,-16.222541,0.00046087138888888893,2CXO J181642.7-161322,274.1780034891092,-16.22283425276363,0.00021267739673589748,,,,,,,,,,,
SAX J1818.6-1703,274.65790272639975,-17.0466781588456,0.00015139789879322054,,B0Iab,2010A&A...510A..61T,SFXT,,,,,,,30.0,,2018MNRAS.481.2779S,,,,,,,,,,,,,2791.0,-762.0,1145.0,Y,7.877622127532959,1.0,1.0,Y,,,,,,,,,,,,,,,,,,SAX J1818.6-1703,274.658,-17.047,0.011166666944821676,,,,,,,,,,,,,,,,,,,2SXPS J181837.8-170248,274.65772,-17.0467,0.0003055555621782939,,4XMM J181837.7-170247,274.65746,-17.046545,0.00035524055555555555,2CXO J181837.9-170248,274.6580427785442,-17.046757333613034,0.0002224947876345352,,2MASS J18183790-1702479,274.657944,-17.046656,1.6666666294137637e-05,4097365235226829312,274.65790272639975,-17.0466781588456,4.2054971887005705e-08,,
SAX J1819.3-2525,274.8401391909158,-25.40717851925878,2.0422503352165225e-05,,B9III,2001ApJ...555..489O,,10.2,1.5,2001ApJ...555..489O,6.8,1.4,2001ApJ...555..489O,2.817,0.002,2005MNRAS.363..882L,,,,,,,,,,72.7,3.3,2005MNRAS.363..882L,4738.0,-601.0,765.0,,14.537267684936523,,1.0,Y,,,,,,,,,,,,,,,,,,,,,,,,,,,,,,,,,,,,,,,,2SXPS J181921.5-252429,274.83959,-25.40813,0.00047222223546769884,,,,,,2CXO J181921.6-252425,274.8400691402454,-25.40718461081611,0.00019755812938378214,,2MASS J18192163-2524258,274.840143,-25.407167,1.6666666294137637e-05,4053096388919082496,274.8401391909158,-25.40717851925878,5.672917597823674e-09,V* V4641 Sgr,Ambiguous with LMXB: V* V4641 Sgr
AX J1820.5-1434,275.125402,-14.573023,0.07999999821186066,,B0-2 IV-Ve,2001A&A...371.1018I,Be,,,,12.5,,1996MNRAS.280L..31P,54.0,0.4,2013A&A...558A..99S,,,,,,,152.26,0.04,1998ApJ...495..435K,,,,,,,Y,2.1417720317840576,0.0,0.0,Y,,,,,,,,,,,,,,,,,,AX J1820.5-1434,275.123,-14.573,0.015833333134651184,,,,,,,,,,,,,,,,,,,2SXPS J182030.1-143421,275.12552,-14.57255,0.0009444444709353977,,4XMM J182030.0-143422,275.125219,-14.573033,0.0005304138888888889,2CXO J182030.0-143423,275.1253836513516,-14.57320453029389,0.00020346735387260053,,2MASS J18203009-1434228,275.125402,-14.573023,2.2222221725516848e-05,,,,,,
IGR J18214-1318,275.3323425004492,-13.310890956750724,0.0002298687994480133,,B0V-O9I,2009ApJ...698..502B,Be/sg,,,,,,,5.4246,0.0004,2020MNRAS.498.2750C,,,,0.17,0.0,2020MNRAS.498.2750C,,,,,,,4209.0,-1286.0,1709.0,,1.1851428747177124,1.0,0.0,Y,,,,,,,,,,,,,,,,,,IGR J18214-1318,275.332,-13.311,0.02366666595141093,,,,,,,,,,,,,,1RXS J182129.0-131641,275.331,-13.308,0.04000000158945719,,2SXPS J182119.7-131838,275.33235,-13.31073,0.0008888889021343655,,4XMM J182119.7-131840,275.33234,-13.311182,0.0005278819444444444,2CXO J182119.7-131838,275.3323350543468,-13.31083223499875,0.00019755997422316653,,2MASS J18211975-1318388,275.332326,-13.310795,2.2222221725516848e-05,4152643113595580416,275.3323425004492,-13.310890956750724,6.385244429111481e-08,,
IGR J18219-1347,275.4783710982874,-13.790737448483274,0.7450651810909296,,Be?,2012AstL...38..629K,Be?,,,,,,,72.44,0.3,2013ApJ...775L..24L,,,,,,,56.468,0.0003,2022ApJ...927..139O,,,,,,,Y,5.766816139221191,,0.0,Y,,,,,,,,,,,,,,,,,,IGR J18219-1347,275.478,-13.791,0.042166666189829505,,,,,,,,,,,,,,,,,,,2SXPS J182154.6-134722,275.47772,-13.78955,0.0006666666931576198,,,,,,2CXO J182154.8-134726,275.4783710982874,-13.790737448483274,0.00020696255030303598,,,,,,,,,,,
IGR J18246-1425,276.09842,-14.41551,3.5999999046325684,,,,,,,,,,,,,,,,,,,,120.0,,2008ATel.1679....1M,,,,,,,,2.1910111904144287,,,,,,,,,,,,,,,,,,,,,IGR J18246-1425,276.099,-14.415,0.030666667222976684,,,,,,,,,,,,,,,,,,,2SXPS J182423.6-142455,276.09842,-14.41551,0.0009999999735090467,,,,,,,,,,,,,,,,,,,,
IGR J18256-1035,276.4326235883698,-10.583893778199275,0.0010122025012969972,,,,,,,,,,,,,,,,,,,,,,,,,,3775.0,-2274.0,2759.0,,1.0050956010818481,,,,,,,,,,,,,,,,,,,,,IGR J18256-1035,276.433,-10.584,0.04016666809717814,,,,,,,,,,,,,,,,,,,2SXPS J182543.8-103502,276.43263,-10.58396,0.0009999999735090467,,,,,,,,,,,,,,,4154264171696059392,276.4326235883698,-10.583893778199275,2.811673614713881e-07,,
LS 5039,276.5627681201673,-14.848438248314068,1.274837087839842e-05,,ON6.5V(f),2011MNRAS.416.1556T,"$\gamma$\,Be",,,,23.0,,2005MNRAS.364..899C,3.90607,8e-05,2011ASSP...21..559C,,,,0.35,0.03,2011ASSP...21..559C,,,,17.3,0.5,2011ASSP...21..559C,1898.0,-54.0,59.0,,1.5555555820465088,1.0,1.0,Y,,,,,,,,,,,,,,,,,,LS5039,276.563,-14.848,0.03283333381017049,1WGA J1826.2-1450,276.57,-14.8335,0.013888888888888888,,,,,,4FGL J1826.2-1450,276.5637,-14.8496,0.008634,,,,,,2SXPS J182615.1-145054,276.56298,-14.84839,0.0003611110978656345,,4XMM J182615.0-145054,276.562647,-14.848455,0.0001083411111111111,2CXO J182615.0-145055,276.5627355755772,-14.848703589585773,0.0001975341449038919,,2MASS J18261505-1450542,276.562732,-14.848396,1.6666666294137637e-05,4104196427943626752,276.5627681201673,-14.848438248314068,3.54121413288845e-09,,
XTE J1829-098,277.4332922377682,-9.85645360705569,0.7382185849255216,,,2020MNRAS.491.4543S,SFXT?,,,,,,,244.2,0.2,2022ATel15614....1C,,,,,,,7.847089,1.5e-05,2022ATel15556....1W,,,,,,,Y,,0.0,0.0,Y,,,,,,,,,,,,,,,,,,XTE J1829-098,277.439,-9.897,0.0424999992052714,,,,,,,,,,,,,,,,,,,2SXPS J182942.2-095140,277.4332,-9.857,0.0009722222222222222,2022ATel15555....1C,4XMM J182944.0-095124,277.433351,-9.856801,0.0005426227777777777,2CXO J182943.9-095123,277.4332922377682,-9.85645360705569,0.00020506071803486712,,,,,,,,,,,
ATO J278.3657-10.5901,278.36569954826433,-10.5901247948528,0.0001535262018442154,,B0.5Ve,2003AN....324...61M,Be,,,,14.6,,1996MNRAS.280L..31P,,,,,,,,,,,,,,,,1021.0,-144.0,255.0,,12.526315689086914,0.0,1.0,Y,,,,,,,,,,,,,,,,,,SNR 021.5-00.9,278.396,-10.558,0.013666666547457377,1WGA J1833.4-1035,278.3637,-10.5851,0.003611111111111111,,,,,,4FGL J1833.5-1033,278.3832,-10.5568,0.014555,SNR 021.5-00.9,278.382,-10.559,0.04333333174387614,,2SXPS J183327.7-103524,278.36574,-10.59012,0.0003055555621782939,,4XMM J183327.7-103524,278.365671,-10.590103,7.449722222222222e-05,2CXO J183327.7-103524,278.36570918096845,-10.590096525281348,0.00019724979916162287,,2MASS J18332777-1035243,278.365715,-10.590102,2.2222221725516848e-05,4155000844481174528,278.36569954826433,-10.5901247948528,4.264616717894873e-08,,
SNR 021.5-00.9,278.3679185343803,-10.40243295086028,2.396053820848465e-05,,B0 Ve,2011BASI...39..517M,Be,,,,17.5,,1996MNRAS.280L..31P,,,,,,,,,,,,,,,,1996.0,-115.0,112.0,,2.114086151123047,1.0,1.0,Y,,,,,,,,,,,,,,,,,,SNR 021.5-00.9,278.396,-10.558,0.013666666547457377,1WGA J1833.4-1024,278.3671,-10.4046,0.013888888888888888,,,,,,4FGL J1833.5-1033,278.3832,-10.5568,0.014555,,,,,,2SXPS J183328.3-102408,278.36817,-10.40234,0.0002777777777777778,,4XMM J183328.3-102408,278.367925,-10.402381,0.00010442166666666666,2CXO J183328.3-102408,278.3679292458984,-10.40242826916,0.00019874449419743926,,2MASS J18332830-1024087,278.367917,-10.402436,1.9444444527228672e-05,4155023796790984192,278.3679185343803,-10.40243295086028,6.655705057912403e-09,,
AX J1838.0-0655,279.51927780095065,-6.9024299040238395,0.008635719299316407,,,,,,,,,,,,,,,,,,,,0.07049821,3e-05,2008ATel.1392....1G,,,,,,,,1.6306748390197754,0.0,,,,,,,,,,,,,,,,,,,,AX J1838.0-0655,279.508,-6.904,0.018166667222976683,,,,,,,,,,,,,,,,,,,2SXPS J183804.5-065414,279.51908,-6.90408,0.0008333333333333333,,4XMM J183804.7-065408,279.519768,-6.902232,0.0005000022222222222,,,,,,2MASS J18380462-0654086,279.519259,-6.902393,2.2222221725516848e-05,4252969319080954368,279.51927780095065,-6.9024299040238395,2.3988109164767796e-06,,
AX J1841.0-0536,280.28016644801477,-5.581654039281494,1.6356997191905978e-05,,B1Ib,2008A&A...486..911N,SFXT,,,,,,,6.453,0.0016,2015arXiv150301087G,,,,0.16,0.1,2015arXiv150301087G,4.7394,0.0008,2001PASJ...53.1179B,74.4,2.1,2015arXiv150301087G,2828.0,-129.0,143.0,Y,0.999424159526825,0.0,0.0,Y,,,,,,,,,,,,,,,,,,AX J1841.0-0536,280.28,-5.57,0.026666667064030966,,,,,,,,,,,,,,,,,,,2SXPS J184107.0-053451,280.27956,-5.5811,0.0007500000132454766,,4XMM J184107.2-053454,280.280179,-5.581776,0.00031940027777777773,2CXO J184107.4-053450,280.28083415825574,-5.58055803343094,0.003379981951043133,,2MASS J18410724-0534540,280.280168,-5.58167,1.6666666294137637e-05,4256502088596680704,280.28016644801477,-5.581654039281494,4.543610331084994e-09,,
GS 1839-06,280.39706,-5.84236,24.0,,,,,,,,,,,,,,,,,,,,,,,,,,,,,,,,,,,,,,,,,,,,,,,,,,,,,,,,,,,,1RXS  J184135.3-055032,280.39706,-5.84236,0.006666666666666666,,,,,,,,,,,,,,,,,,,,,,,,,,,,,,,,,
IGR J18450-0435,281.2566191660608,-4.565759042374355,1.8891027197241786e-05,,O9.5I,1996MNRAS.281..333C,SFXT,,,,29.6,,2005A&A...436.1049M,4.73983,0.00028,2015arXiv150301087G,,,,0.34,0.1,2015arXiv150301087G,,,,61.0,1.4,2015arXiv150301087G,5436.0,-641.0,645.0,,28.19636344909668,1.0,1.0,Y,,,,,,,,,,,,,,,,,,IGR J18450-0435,281.256,-4.566,0.027833332618077595,,,,,,,,,,,,,,,,,,,2SXPS J184501.6-043355,281.25672,-4.56539,0.0003333333465788099,,4XMM J184501.5-043356,281.256564,-4.56566,5.988083333333334e-05,2CXO J184501.5-043356,281.25659322374156,-4.565667700989875,0.00019763928602617618,,2MASS J18450159-0433565,281.256632,-4.565711,1.9444444527228672e-05,4258160560148155392,281.2566191660608,-4.565759042374355,5.247507554789385e-09,,
GS 1843+009,281.403473368695,0.8631594680204066,0.0001680659204721451,,B0-2IV-Ve,2001A&A...371.1018I,Be,,,,13.5,0.0,1996MNRAS.280L..31P,,,,,,,,,,29.4764,0.0008,1999NuPhS..69..220P,,,,5097.0,-1904.0,4192.0,Y,0.9984962344169617,,0.0,Y,,,,,,,,,,,,,,,,,,GS 1843+009,281.404,0.865,0.0063333332538604735,,,,,,,,,,,,,,,,,,,2SXPS J184536.6+005146,281.40265,0.86294,0.0009722222222222222,,,,,,2CXO J184536.8+005147,281.40346652667245,0.8632755170049511,0.00021963598720895397,,2MASS J18453684+0051474,281.403505,0.863184,1.6666666294137637e-05,4278536022438800384,281.403473368695,0.8631594680204066,4.668497790892919e-08,,
IGR J18462-0223,281.55376940450617,-2.3746911960083628,0.00023561213910579685,,OBI?,2013A&A...556A..27S,SFXT,,,,,,,2.1378,,2013A&A...556A..27S,,,,,,,997.0,1.0,2012ApJ...753....3B,,,,6784.0,-2839.0,4048.0,Y,3.5960450172424316,1.0,,Y,,,,,,,,,,,,,,,,,,IGR J18462-0223,281.569,-2.393,0.051999998092651364,,,,,,,,,,,,,,,,,,,2SXPS J184612.8-022228,281.55348,-2.37455,0.0003055555621782939,,4XMM J184612.7-022228,281.553247,-2.374572,0.00010258361111111111,,,,,,,,,,4259088994647732736,281.55376940450617,-2.3746911960083628,6.54478164182769e-08,,
IGR J18482+0049,282.064171,0.792571,0.11999999731779099,,,,,,,,,,,,,,,,,,,,,,,,,,,,,,1.2334003448486328,0.0,,,,,,,,,,,,,,,,,,,,IGR J18482+0049,282.06,0.797,0.06516666809717814,,,,,,,,,,,,,,,,,,,2SXPS J184815.2+004733,282.06374,0.79253,0.001194444497426351,,4XMM J184815.3+004733,282.06415,0.792646,0.0001463952777777778,,,,,,2MASS J18481540+0047332,282.064171,0.792571,3.3333332588275274e-05,,,,,,
3A 1845-024,282.070354,-2.423608,0.425859,,OBI?,2022A&A...657A..58N,sg?,,,,,,,242.18,0.01,1999ApJ...517..449F,,,,0.88,0.01,1999ApJ...517..449F,94.7171,0.0003,2022A&A...657A..58N,,,,,,,Y,5.805084705352783,0.0,1.0,Y,,,,,,1H1845-024,282.0724,-2.4233,0.0,,,,,3A 1845-024,282.0724,-2.4233,0.0,3A 1845-024,282.074,-2.42,0.03183333277702331,,,,,,,,,,,,,,3A 1845-024,282.088,-2.461,0.038333332538604735,,2SXPS J184816.9-022525,282.07063,-2.42387,0.0005555555555555556,,4XMM J184816.8-022524,282.070354,-2.423608,0.00011829416666666666,2CXO J184816.8-022525,282.07019586679166,-2.4236966614932007,0.00020203647259454697,,,,,,,,,,,
IGR J18483-0311,282.0716861216644,-3.1713676837385054,0.00013653123378753665,,B0.5Ia,2008A&A...492..163R,SFXT,,,,,,,18.545,0.003,2011ApJS..196....6L,,,,0.4,0.0,2010MNRAS.401.1564R,21.0526,0.0005,2007A&A...467..249S,,,,2722.0,-761.0,1473.0,,9.021032333374023,1.0,1.0,Y,,,,,,,,,,,,,,,,,,IGR J18483-0311,282.072,-3.171,0.010333333412806192,,,,,,,,,,,,,,IGR J18483-0311,282.073,-3.211,0.045000000794728594,,2SXPS J184817.1-031017,282.07156,-3.17151,0.0004999999867545234,,4XMM J184817.2-031016,282.071681,-3.171367,5.257166666666667e-05,2CXO J184817.1-031016,282.07161943548647,-3.1713311233178394,0.00019776280149045206,,2MASS J18481720-0310168,282.071674,-3.171344,1.9444444527228672e-05,4258428501693172736,282.0716861216644,-3.1713676837385054,3.792534271876018e-08,,
XTE J1855-026,283.8766800200503,-2.604679419397789,1.4235791750252249e-05,,B0Iaep,2008ATel.1876....1N,sg,,,,,,,6.067,0.004,1999ApJ...517..956C,,,,,,,361.1,0.4,1999ApJ...517..956C,,,,7731.0,-735.0,1090.0,,2.6523561477661133,,,,,,,,,,,,,,,,,,,,,XTE J1855-026,283.88,-2.607,0.006000000238418579,,,,,,,,,,,,,,XTE J1855-026,283.909,-2.622,0.05333333412806193,,2SXPS J185530.4-023617,283.87677,-2.60489,0.0009722222222222222,,,,,,,,,,,2MASS J18553040-0236167,283.876688,-2.604655,1.6666666294137637e-05,4255891924062617088,283.8766800200503,-2.604679419397789,3.9543865972922915e-09,,
XTE J1858+034,284.681906,3.434746,0.07999999821186066,,K-M?,2021ApJ...909..154T,,,,,,,,81.0,,2021ApJ...909..153M,,,,,,,218.393,0.002,2021ApJ...909..153M,,,,,,,Y,0.9443477988243103,0.0,0.0,Y,,,,,,,,,,,,,,,,,,XTE J1858+034,284.679,3.439,0.004166666666666667,,,,,,,,,,,,,,,,,,,2SXPS J185843.6+032605,284.68171,3.43498,0.001305555502573649,,4XMM J185843.5+032604,284.681655,3.434575,0.0005644641666666667,2CXO J185843.6+032606,284.68178790090724,3.4350360432562717,0.00020562691110851005,,2MASS J18584365+0326050,284.681906,3.434746,2.2222221725516848e-05,,,,,,
XTE J1859+083,284.756814,8.245672,0.05999999865889549,,B0-2Ve,2022MNRAS.509.5955S,Be,,,,12.5,,1996MNRAS.280L..31P,37.97,0.09,2016PhDT.......406B,,,,0.127,0.009,2016PhDT.......406B,9.79156,1e-05,2022MNRAS.509.5955S,,,,,,,,,,,,,,,,,,,,,,,,,,,,,,,,,,,,,,,,,,,,,,XTE J1859+083,284.76,8.2325,0.016666666666666666,2009ApJ...695...30C,2SXPS J185901.8+081447,284.756875,8.245666666666667,0.0006111111111111112,2022MNRAS.509.5955S,,,,,,,,,,2MASS J18590163+0814444,284.756814,8.245672,1.6666666294137637e-05,,,,,,
4U 1901+03,285.9141280353291,3.2043579681435252,0.00019355013966560367,,B8-9 IV,2019ATel12560....1M,Be,,,,,,,22.5827,0.0002,2005ApJ...635.1217G,,,,0.0363,0.0003,2005ApJ...635.1217G,2.761,0.001,2019ATel12556....1H,,,,5575.0,-1787.0,2302.0,Y,,,,Y,,,,,,,,,,,,,,,,,,4U 1901+03,285.905,3.192,0.003499999890724818,,,,,,,,,,,,,,,,,,,4U 1901+03,285.91413,3.20451,0.0006388888888888888,2019ATel12514....1M,,,,,4U 1901+03,285.91416666666663,3.2044194444444445,0.00039444444444444444,2019ATel12556....1H,2MASS J19033940+0312158,285.914172,3.204391,2.5000000993410745e-05,4268774695647764480,285.9141280353291,3.2043579681435252,5.376392768488991e-08,,
XTE J1906+090,286.1977687539877,9.044911040402665,0.000559350609779358,,Be?,2005ApJ...632.1069G,Be?,,,,,,,81.4,0.1,2017ApJ...846..161C,,,,,,,89.17,0.02,1998ApJ...502L.129M,,,,6370.0,-1965.0,3471.0,Y,1.1517986059188843,,1.0,Y,,,,,,,,,,,,,,,,,,XTE J1906+090,286.19,9.039,0.041833333174387616,,,,,,,,,,,,,,,,,,,2SXPS J190447.5+090237,286.19819,9.04368,0.0004999999867545234,,,,,,2CXO J190447.4+090241,286.1977867294652,9.044839970582125,0.00021748649804145744,,2MASS J19044747+0902419,286.197812,9.044974,1.9444444527228672e-05,4310649153642824192,286.1977687539877,9.044911040402665,1.55375169383155e-07,,
4U 1907+097,287.40853278192054,9.829776780341307,2.5822991505265238e-05,,O9.5Iab,2008A&A...486..911N,sg,,,,27.8,,2005A&A...436.1049M,8.3753,0.0003,1998ApJ...496..386I,,,,0.28,0.1,1998ApJ...496..386I,437.5,0.0,1984PASJ...36..679M,,,,5351.0,-858.0,866.0,,14.322147369384766,1.0,,Y,,,,,,,,,,,,,,3A 1907+097,287.3448,9.8416,0.06366197818539553,4U 1907+097,287.408,9.83,0.004833333194255829,,,,,,,,,,,,,,4U 1907+097,287.413,9.83,0.02833333412806193,,2SXPS J190938.0+094952,287.40874,9.83123,0.0009722222222222222,,4XMM J190938.0+094947,287.408419,9.829954,0.0005278152777777777,,,,,,2MASS J19093804+0949473,287.408531,9.829809,1.9444444527228672e-05,4309225217336729088,287.40853278192054,9.829776780341307,7.173053195907011e-09,,
AX J1910.7+0917,287.681682,9.274764,0.07000000029802322,,BI,2013A&A...555A.115R,sg,,,,,,,,,,,,,,,,36200.0,110.0,2017MNRAS.469.3056S,,,,,,,Y,,1.0,1.0,Y,,,,,,,,,,,,,,,,,,AX J1910.7+0917,287.696,9.285,0.05700000127156576,,,,,,,,,,,,,,,,,,,,,,,,4XMM J191043.5+091628,287.681611,9.274684,5.0513333333333336e-05,2CXO J191043.6+091629,287.68195126092996,9.274831355729113,0.00028529226727086384,,2MASS J19104360+0916291,287.681682,9.274764,1.9444444527228672e-05,,,,,,
4U 1909+07,287.70087185633383,7.597656302411205,0.0006632866859436036,,O7.5-9.5If,2005MNRAS.356..665M,sg,,,,32.0,0.0,2005A&A...436.1049M,4.4007,0.0009,2004ApJ...617.1284L,15.18,0.003,2013ApJ...778...45C,0.021,0.04,2004ApJ...617.1284L,603.6,0.1,2020MNRAS.498.4830J,,,,4965.0,-2092.0,3850.0,,0.9987654685974121,,,,,,,,,,,,,,,,,,,,,4U 1909+07,287.7,7.596,0.005000000198682149,,,,,,,,,,,,,,4U 1909+07,287.723,7.608,0.03166666626930237,,2SXPS J191048.4+073550,287.70172,7.59732,0.0009722222222222222,,,,,,,,,,,2MASS J19104821+0735516,287.700889,7.597679,1.9444444527228672e-05,4306419980916246528,287.70087185633383,7.597656302411205,1.84246301651001e-07,,
IGR J19113+1533,287.8213082758067,15.553769028526927,0.0005730558633804322,,sgB[e],2010A&A...519A..96M,sgB[e],,,,,,,,,,,,,,,,,,,,,,3582.0,-1600.0,2138.0,Y,,,,Y,,,,,,,,,,,,,,,,,,IGR J19113+1533,287.821,15.553,0.06883333524068197,,,,,,,,,,,,,,,,,,,,,,,,,,,,,,,,,2MASS J19111744+1533116,287.82269,15.553224,1.6666666294137637e-05,4512788387794112512,287.8213082758067,15.553769028526927,1.5918218427234228e-07,,
SS 433,287.9565063699124,4.982708527256882,1.839637942612171e-05,,A7Ib,2004ApJ...615..422H,sg,4.2,0.4,2020A&A...640A..96P,11.3,0.6,2020A&A...640A..96P,13.08,0.0,2007A&A...474..903B,23.228,0.005,1997Ap&SS.252..439F,0.05,0.01,2021MNRAS.507L..19C,,,,69.0,4.7,2020A&A...640A..96P,7290.0,-857.0,1186.0,,1.7869954109191895,1.0,1.0,Y,,,,,,,,,,,,,,,,,,SS 433,287.957,4.983,0.006166666746139526,1WGA J1911.8+0459,287.9575,4.9839,0.013888888888888888,,,,,,,,,,SS 433,287.961,4.988,0.03333333333333333,,2SXPS J191149.4+045857,287.95602,4.9826,0.0006944444444444445,,4XMM J191149.5+045857,287.956549,4.982742,5.718361111111111e-05,2CXO J191149.5+045857,287.95649525995304,4.982733298815026,0.00019719620766020982,,2MASS J19114957+0458578,287.956555,4.982737,1.9444444527228672e-05,4293406612283984896,287.9565063699124,4.982708527256882,5.11010539614492e-09,,
IGR J19140+0951,288.5176059060096,9.882864373650197,0.0003038829267024994,,B1Iab,2008A&A...486..911N,sg,,,,,,,13.558,0.004,2004ATel..269....1C,,,,,,,5937.0,0.0,2016MNRAS.460.3637S,,,,4020.0,-1681.0,1826.0,,8.575268745422363,1.0,,Y,,,,,,,,,,,,,,,,,,IGR J19140+0951,288.518,9.883,0.0063333332538604735,,,,,,,,,,,,,,IGR J19140+0951,288.51,9.864,0.04333333174387614,,2SXPS J191404.2+095259,288.51774,9.88308,0.0006388888756434123,,4XMM J191404.2+095258,288.517719,9.882929,0.0005281488888888889,2CXO J191404.2+095258X,288.51778088251933,9.882798255595757,0.00040295185480372295,,2MASS J19140422+0952577,288.51762,9.882703,1.9444444527228672e-05,4309253392325650432,288.5176059060096,9.882864373650197,8.441192408402762e-08,,
IGR J19149+1036,288.73635095845424,10.610153737132443,0.0015137683153152468,,,,,,,,,,,22.25,0.05,2015MNRAS.446.1041C,,,,,,,,,,,,,1101.0,-242.0,270.0,,1.822302222251892,,,,,,,,,,,,,,,,,,,,,IGR J19149+1036,288.736,10.611,0.021166666348775228,,,,,,,,,,,,,,,,,,,2SXPS J191456.7+103638,288.73646,10.61066,0.0008611110846201579,,,,,,,,,,,2MASS J19145680+1036387,288.736696,10.610755,1.9444444527228672e-05,4309736077923799040,288.73635095845424,10.610153737132443,4.2049119869867966e-07,,
IGR J19294+1816,292.48292610722393,18.310605976333413,0.000648832380771637,,B1Ve,2018MNRAS.476.2110R,Be,,,,12.5,0.0,1996MNRAS.280L..31P,117.2,0.2,2009ATel.2008....1C,,,,,,,12.44,,2009ATel.2002....1S,,,,3189.0,-1241.0,1980.0,Y,14.206665992736816,,,Y,,,,,,,,,,,,,,,,,,IGR J19294+1816,292.483,18.311,0.021166666348775228,,,,,,,,,,,,,,,,,,,2SXPS J192955.8+181838,292.48275,18.31073,0.0002777777777777778,,,,,,,,,,,2MASS J19295591+1818382,292.482972,18.310635,1.9444444527228672e-05,4323316622779495424,292.48292610722393,18.310605976333413,1.8023121688101028e-07,,
1RXS J194211.9+255552,295.5465223645784,25.934890350462474,3.207533434033394e-05,,OB,2012ATel.4209....1M,,,,,,,,166.5,0.5,2015MNRAS.451.2835D,,,,,,,,,,,,,9057.0,-2317.0,3895.0,,1.0451464653015137,,,,,,,,,,,,,,,,,,,,,,,,,,,,,,1RXS  J194211.9+255552,295.54959,25.93125,0.005,,,,,,,,,,2SXPS J194211.1+255604,295.5464,25.93456,0.0009722222222222222,,,,,,,,,,,2MASS J19421116+2556056,295.546521,25.934912,3.05555553899871e-05,2021785421455305216,295.5465223645784,25.934890350462474,8.909815094537206e-09,,
XTE J1946+274,296.4139748795565,27.365399152475934,1.7021954059600834e-05,,B0-1IV-Ve,2002A&A...393..983V,Be,,,,15.0,0.0,1996MNRAS.280L..31P,172.7,0.6,2015ApJ...815...44M,,,,0.246,0.009,2015ApJ...815...44M,15.78801,4e-05,2001A&A...370..529P,,,,13139.0,-2332.0,3380.0,Y,1.034717321395874,,1.0,Y,,,,,,,,,,,,,,,,,,XTE J1946+274,296.414,27.365,0.007166666785875956,,,,,,,,,,,,,,,,,,,2SXPS J194539.2+272151,296.41371,27.36425,0.0009722222222222222,,,,,,2CXO J194539.3+272155,296.4139110000151,27.365371271761312,0.00019840678152979993,,2MASS J19453935+2721555,296.413989,27.365421,1.6666666294137637e-05,2028089540103670272,296.4139748795565,27.365399152475934,4.7283205721113424e-09,,
KS 1947+300,297.39783883472126,30.20880848740128,8.815532550215723e-06,,B0Ve,2003A&A...397..739N,Be,,,,17.5,,1996MNRAS.280L..31P,40.415,0.007,2004ApJ...613.1164G,,,,0.034,0.007,2004ApJ...613.1164G,18.7,,1995ApJ...446..826C,,,,15126.0,-2634.0,3148.0,Y,16.3710994720459,,1.0,Y,,,,,,,,,,,,,,,,,,KS 1947+300,297.398,30.209,0.007999999821186066,,,,,,,,,,,,,,KS 1947+300,297.39,30.172,0.029999999205271403,,2SXPS J194935.5+301230,297.39822,30.2084,0.0005277777711550395,,,,,,2CXO J194935.4+301231,297.3977618708028,30.20883405845456,0.0001973827910151009,,2MASS J19493548+3012317,297.397861,30.208832,1.9444444527228672e-05,2031939548802102784,297.39783883472126,30.20880848740128,2.4487590417265894e-09,,
IGR J19498+2534,297.48094936995193,25.566594846422447,1.2892829254269601e-05,,BIa,2019ApJ...878...15H,SFXT,,,,,,,,,,,,,,,,,,,,,,5991.0,-874.0,1125.0,,1.620779275894165,1.0,,Y,,,,,,,,,,,,,,,,,,,,,,,,,,,,,,,,,,,,,,,,2SXPS J194955.3+253359,297.48079,25.5665,0.0008333333333333333,,4XMM J194955.4+253359,297.480956,25.56662,0.00018150222222222223,,,,,,2MASS J19495543+2533599,297.480989,25.566639,1.6666666294137637e-05,2026914849346539008,297.48094936995193,25.566594846422447,3.581341459519334e-09,,
4U 1954+319,298.92639832142635,32.096930318736355,1.6134034842252735e-05,,MI,2020ApJ...904..143H,sg,,,,9.0,4.0,2020ApJ...904..143H,1296.6375,,2020ApJ...904..143H,,,,,,,18612.0,,2006A&A...460L...1M,,,,3432.0,-249.0,261.0,Y,1.3434783220291138,,0.0,Y,,,,,,,,,,,,,,3A 1954+319,298.9981,32.0939,0.0,4U 1954+319,298.926,32.097,0.006000000238418579,,,,,,,,,,,,,,4U 1954+319,298.947,32.096,0.02833333412806193,,2SXPS J195542.2+320547,298.92623,32.09639,0.0009722222222222222,,,,,,2CXO J195542.3+320549,298.9263702389875,32.09695824019446,0.00020804801277892477,,2MASS J19554232+3205492,298.926352,32.097004,3.3333332588275274e-05,2034031438383765760,298.92639832142635,32.096930318736355,4.481676345070204e-09,,
Cyg X-1,299.59029482904185,35.201578765113695,1.093796268105507e-05,,O9.7Iabpvar,2011ApJS..193...24S,sg,21.2,2.2,2021Sci...371.1046M,40.6,7.7,2021Sci...371.1046M,5.5998,0.0001,1998MNRAS.301..285L,,,,0.0,,1998MNRAS.301..285L,,,,-7.0,5.0,2003ApJ...583..424G,2146.0,-53.0,64.0,,1.0017777681350708,,,,,,,,,,,,,,,,,3A 1956+350,299.59,35.2065,0.0,Cyg X-1,299.59,35.202,0.002666666607062022,,,,,,,,,,4FGL J1958.5+3512,299.6343,35.2024,0.037497,Cyg X-1,299.578,35.22,0.026666667064030966,,2SXPS J195821.8+351201,299.59111,35.20053,0.0006944444444444445,,,,,,,,,,,2MASS J19582166+3512057,299.59028,35.201599,1.6666666294137637e-05,2059383668236814848,299.59029482904185,35.201578765113695,3.0383229669597416e-09,,
IGR J20006+3210,300.09104899633587,32.18973933161206,1.4430977404117586e-05,,BV-III,2008A&A...482..113M,Be,,,,,,,,,,,,,,,,889.7,4.7,2013MNRAS.436..945P,,,,8356.0,-1199.0,1766.0,,0.999784529209137,,,,,,,,,,,,,,,,,,,,,IGR J20006+3210,300.091,32.189,0.020000000794728596,,,,,,,,,,,,,,,,,,,2SXPS J200021.9+321122,300.09139,32.18959,0.0009722222222222222,,,,,,,,,,,2MASS J20002185+3211232,300.091068,32.189781,1.6666666294137637e-05,2033989790047905024,300.09104899633587,32.18973933161206,4.0086048344771074e-09,,
W63 X-1,304.79994307775127,45.667184694277815,0.0001955210864543915,,Be?,2004HEAD....8.1730R,Be?,,,,,,,,,,,,,,,,36.0,,2004HEAD....8.1730R,,,,767.0,-107.0,157.0,,1.0003716945648193,,,,,,,,,,,,,,,,,,,,,,,,,,,,,,,,,,,,,,,,,,,2SXPS J201912.5+454000,304.80239,45.66675,0.0015555555290646024,,,,,,,,,,,2MASS J20191203+4540017,304.800141,45.667164,6.38888900478681e-05,2081690658900784896,304.79994307775127,45.667184694277815,5.431141290399764e-08,,
RX J2030.5+4751,307.62850374937096,47.86406792934166,1.4208544977009299e-05,,B0.5V-IIIe,1997A&A...323..853M,Be,,,,14.6,,1996MNRAS.280L..31P,46.02,,2018MNRAS.481.2779S,,,,0.41,,2018MNRAS.481.2779S,,,,,,,2293.0,-85.0,95.0,,,0.0,,,,,,,,,,,,,,,,,,,,,,,,1WGA J2030.5+4751,307.6271,47.8642,0.003611111111111111,,1RXS  J203032.8+475200,307.63666,47.86666,0.004722222222222222,,,,,,,,,,,,,,,4XMM J203030.7+475150,307.62816,47.864102,0.0002616936111111111,,,,,,2MASS J20303085+4751506,307.628543,47.864079,2.2222221725516848e-05,2083644392294059520,307.62850374937096,47.86406792934166,3.94681804916925e-09,,
EXO 2030+375,308.0636268551211,37.63743239546562,6.144415959715845e-05,,B0Ve,1987A&A...182L..55M,Be,,,,17.5,,1996MNRAS.280L..31P,46.0214,0.0005,2002ApJ...570..287W,,,,0.419,0.002,2002ApJ...570..287W,41.306,0.003,2021JApA...42...33J,,,,2410.0,-391.0,497.0,Y,32.549381256103516,1.0,,Y,,,,,,,,,,,,,,,,,,EXO 2030+375,308.063,37.638,0.0030000001192092896,,,,,,,,,,,,,,EXO 2030+375,308.061,37.627,0.034999998410542806,,2SXPS J203215.3+373814,308.06416,37.63743,0.0006111111243565878,,4XMM J203215.2+373815,308.063631,37.637519,6.967222222222222e-05,,,,,,2MASS J20321527+3738148,308.063646,37.637463,1.6666666294137637e-05,2063791369815322624,308.0636268551211,37.63743239546562,1.706782211032179e-08,,
Cyg X-3,308.107422,40.957756,0.05999999865889549,,WN4/5-6/7,1996A&A...314..521V,WR,7.2,0.0,2022ApJ...926..123A,,,,0.19968476,3e-08,2017ApJ...849..141B,,,,,,,,,,,,,,,,,1.5756831169128418,1.0,1.0,Y,,,,,,,,,,,,,,3A 2030+407,308.1106,40.9609,0.0,Cyg X-3,308.107,40.958,0.0030000001192092896,1WGA J2032.4+4057,308.1054,40.9619,0.013888888888888888,,,,,,4FGL J2032.6+4053,308.1526,40.8939,0.165345,Cyg X-3,308.136,40.948,0.026666667064030966,,2SXPS J203225.7+405727,308.10713,40.95763,0.00022222222553359137,,4XMM J203225.7+405730,308.107403,40.958401,0.00010135166666666667,2CXO J203225.7+405728,308.10739411640225,40.957844413509555,0.00019719066288050122,,2MASS J20322578+4057279,308.107422,40.957756,1.6666666294137637e-05,,,,,,
GRO J2058+42,314.6980582988151,41.776979685270454,1.1033155024051668e-05,,O9.5-B0IV-Ve,2005A&A...440..637R,Be,,,,18.0,,2005A&A...441..235Z,55.0,,1998ApJ...499..820W,,,,,,,195.25,0.02,2020MNRAS.497.1059K,,,,8861.0,-927.0,1065.0,,0.9981594681739807,,,,,,,,,,,,,,,,,,,,,,,,,,,,,,,,,,,,,,GRO J2058+42,314.734,41.782,0.045000000794728594,,2SXPS J205847.2+414637,314.69706,41.77704,0.0009722222222222222,,,,,,,,,,,2MASS J20584753+4146372,314.698057,41.777,1.9444444527228672e-05,2065653598916388352,314.6980582988151,41.776979685270454,3.0647652844587968e-09,,
SAX J2103.5+4545,315.8987696922526,45.751532832107685,1.0842504911124707e-05,,B0Ve,2004A&A...421..673R,Be,,,,17.5,,1996MNRAS.280L..31P,12.66536,0.00088,2007MNRAS.374.1108B,,,,0.4055,0.003,2007MNRAS.374.1108B,358.61,0.03,1998A&A...337L..25H,,,,6218.0,-448.0,576.0,Y,9.560577392578125,,1.0,Y,,,,,,,,,,,,,,,,,,SAX J2103.5+4545,315.899,45.752,0.005833333233992258,,,,,,,,,,,,,,SAX J2103.5+4545,315.92,45.736,0.029999999205271403,,2SXPS J210335.6+454506,315.8987,45.7518,0.0003611110978656345,,,,,,2CXO J210335.6+454505,315.8987194842672,45.75154035099894,0.000197327388635587,,2MASS J21033570+4545055,315.898784,45.751537,3.3333332588275274e-05,2162805896614572032,315.8987696922526,45.751532832107685,3.011806919756863e-09,,
IGR J21347+4737,323.5848682806499,47.63337917570627,1.1234178207814695e-05,,B3V,2009A&A...495..121M,Be,,,,12.5,,1996MNRAS.280L..31P,,,,,,,,,,322.7,0.6,2020ATel14291....1P,,,,8300.0,-805.0,851.0,Y,,1.0,,Y,,,,,,1H2131+473,323.3388,47.5526,0.09225496669166064,4U 2129+47,323.31708333333336,47.54861111111111,0.02700948978137537,,,,,IGR J21347+4737,323.585,47.634,0.051499998569488524,,,,,,1RXS  J213419.6+473810,323.58167,47.63625,0.0044444444444444444,,,,,,,,,,,,,,,4XMM J213420.3+473800,323.584905,47.633382,6.722388888888889e-05,,,,,,2MASS J21342037+4738002,323.584907,47.633389,1.6666666294137637e-05,1978365123143522304,323.5848682806499,47.63337917570627,3.120605057726304e-09,V* V1727 Cyg,Ambiguous with LMXB: V* V1727 Cyg
Cep X-4,324.87785209104953,56.98621852916199,1.1529864743351938e-05,,B1-B2Ve,1998A&A...332L...9B,Be,,,,10.8,,1996MNRAS.280L..31P,20.85,0.05,2007A&A...470.1065M,,,,,,,65.3508,0.00014,2021ApJ...920..139M,,,,7446.0,-492.0,576.0,,2.9172933101654053,,0.0,,,,,,,,,,,,,,,,,,,,,,,1WGA J2139.4+5659,324.8742,56.9854,0.003611111111111111,,,,,,,,,,,,,,,2SXPS J213930.6+565908,324.87771,56.98567,0.0009722222222222222,,,,,,2CXO J213930.6+565910,324.8778651536054,56.98624948873934,0.00019789729028564645,,2MASS J21393068+5659104,324.877848,56.986237,1.6666666294137637e-05,2178178409188167168,324.87785209104953,56.98621852916199,3.2027402064866496e-09,,
1H 2202+501,330.4091919702234,50.16795238313883,1.1207035742700101e-05,,Be,1964LS....C03....0H,Be,,,,,,,,,,,,,,,,,,,-16.8,2.5,2017AJ....153..174C,1116.0,-16.0,14.0,,,,,,,,,,,1H2202+501,331.1879,50.4233,0.1909859392993735,,,,,,,,,,,,,,,,,,,,,,,,,,,,,,,,,,,,,,,,,,,,,2MASS J22013820+5010046,330.409184,50.167953,1.6666666294137637e-05,1979911002134041088,330.4091919702234,50.16795238313883,3.1130654840833614e-09,,
4U 2206+543,331.98428755192987,54.518432170802825,1.2050482444465162e-05,,O9.5Vep,2006A&A...446.1095B,Be,,,,18.0,,2005A&A...441..235Z,9.558,0.04,2014AN....335.1060S,,,,0.3,0.02,2014AN....335.1060S,392.0,,1992ApJ...401..678S,-54.5,1.0,2014AN....335.1060S,3104.0,-135.0,133.0,,1.0838074684143066,1.0,,Y,,,,,,,,,,,,,,3A 2206+543,331.9763,54.5852,0.05513288855264134,4U 2206+543,331.984,54.518,0.008166666825612385,,,,,,,,,,,,,,4U 2206+543,332.019,54.512,0.02833333412806193,,2SXPS J220756.2+543107,331.98429,54.51883,0.0009722222222222222,,4XMM J220756.2+543106,331.984189,54.518425,0.0005277797222222223,,,,,,2MASS J22075623+5431064,331.984313,54.518459,1.9444444527228672e-05,2005653524280214528,331.98428755192987,54.518432170802825,3.347356234573656e-09,,
SAX J2239.3+6116,339.8368297959251,61.27405311885465,1.2457490898668768e-05,,B0Ve,2017A&A...598A..16R,Be,,,,17.5,,1996MNRAS.280L..31P,262.0,5.0,2000A&A...361...85I,,,,,,,1247.2,0.7,2001A&A...380L..26I,,,,7387.0,-675.0,855.0,,,,0.0,,,,,,,,,,,,,,,,,,,,,,,,,,,,,,,,,,,,4U 2238+60,339.812,61.261,0.05,,,,,,,,,,,2CXO J223920.8+611626,339.8368361248281,61.273992654530204,0.00019865828522908725,,2MASS J22392085+6116266,339.836886,61.274059,1.9444444527228672e-05,2201091578667140352,339.8368297959251,61.27405311885465,3.460414138519102e-09,,
MWC 656,340.73874140526055,44.72172459979292,1.3241217471659186e-05,,B1.5-B2IIIe,2014Natur.505..378C,Be,,,,7.8,2.0,2010ApJ...723L..93W,60.37,0.04,2010ApJ...723L..93W,,,,0.1,0.0,2014Natur.505..378C,,,,-14.1,2.1,2014Natur.505..378C,1984.0,-76.0,80.0,,,,,,AGL J2241+4454,340.3,44.9,0.1,2010ATel.2761....1L,,,,,,,,,,,,,,,,,,,,,,,,,,,,,,,,,,,,,,,,,,,,,,,,,2MASS J22425730+4443183,340.738777,44.72176,1.6666666294137637e-05,1982359580155628032,340.73874140526055,44.72172459979292,3.678115964349774e-09,,
2MASS J22535512+6243368,343.4796708776849,62.726882349922974,1.5130958519876005e-05,,BIII,2013A&A...556A.120M,,,,,,,,,,,,,,,,,46.753,0.003,2021A&A...649A.118L,,,,9748.0,-1166.0,1676.0,,1.0514055490493774,1.0,1.0,Y,,,,,,1H2252+621,343.6493,62.4367,0.20232092281822506,,,,,,,,,,,,,1WGA J2253.9+6242,343.4771,62.7259,0.003611111111111111,,1RXS  J225352.8+624354,343.47,62.73167,0.007222222222222222,,,,,,,,,,2SXPS J225355.1+624337,343.47967,62.72704,0.0002499999933772617,,4XMM J225355.0+624336,343.479539,62.726874,9.805277777777779e-05,2CXO J225355.0+624337,343.47936071309994,62.7269904252261,0.00019922620915999444,,2MASS J22535512+6243368,343.479704,62.726913,1.6666666294137637e-05,2207277877757956352,343.4796708776849,62.726882349922974,4.2030440332988905e-09,,
