ID_Fortin23,ID_Fortin24,n_ID_matches,h_D,dM2,found_positionally
GRS 1758-258,2XMM J180112.4-254436,13,0.0,,True
IGR J18483-0311,EXO 1846-031,11,0.0,,True
1E 1740.7-2942,2CXO J174445.4-295045,7,0.0,,True
SAX J1819.3-2525,V* V4641 Sgr,6,0.1490683683155791,,True
XTE J1743-363,SWIFT J1743.1-3620,8,0.16349837089976402,34.231387424552324,True
AX J1700.2-4220,AX J1659.0-4208,6,0.997860890712599,5.162774060651251,True
AX J1631.9-4752,MAXI J1631-479,9,83.29224935113452,31778.945236666303,True
SAX J1324.4-6200,4U 1323-62,4,1003.1219548580641,51364193.599283926,False
IGR J21347+4737,V* V1727 Cyg,1,2155.5390501598804,5517277732786870.0,False
