ID,Mx_Msun,e_Mx_Msun,r_Mx,Mopt_Msun,e_Mopt_Msun,r_Mopt,Porb_d,e_Porb_d,r_Porb,Psuporb_d,e_Psuporb_d,r_Psuporb,ecc,e_ecc,r_ecc,Pspin_s,e_Pspin_s,r_Pspin,RV_kms,e_RV_kms,r_RV,MJD_T0,e_MJD_T0,T0_kind,r_T0,omega_deg,e_omega_deg,r_omega,omega_frame,MJD_Tper,e_MJD_Tper,Tper_from,Notes
1A 0535+262,,,,20.0,,2001A&A...377..161O,110.3,0.3,2001A&A...377..161O,,,,0.47,0.02,1996ApJ...459..288F,103.4,0.02,2005ATel..557....1S,-30.0,4.0,1984PASP...96..312H,,,,,,,,,,,,"no phase zero: the F23 period reference gives no epoch, and the periastron epoch quoted throughout the literature, MJD 53613.0, comes from a 2006 contribution by Finger et al. that has no eprint and could not be identified as a citable publication"
1A 1118-615,,,,18.0,,2005A&A...436.1049M,24.0,,2015A&ARv..23....2W,,,,0.0,,2011A&A...527A...7S,405.3,0.6,1975Natur.254..578I,,,,54845.37,0.1,Tpi/2,2011A&A...527A...7S,,,,,,,,"the eccentricity is not F23's, which reports none for this system; the orbit is consistent with being circular, so the eccentricity is taken as zero and no longitude of periastron is defined"
1E 1145.1-6141,1.7,0.3,1987PASP...99..420H,14.0,4.0,1987PASP...99..420H,14.365,0.002,2002ApJ...581.1293R,,,,0.2,0.03,2002ApJ...581.1293R,298.0,4.0,1980ApJ...239..651L,-13.0,3.0,1987PASP...99..420H,51008.1,0.4,Tpi/2,2002ApJ...581.1293R,-52.0,8.0,2002ApJ...581.1293R,compact,51002.433805555556,0.5118253035896562,from Tpi/2,
1FGL J1018.6-5856,1.4,,2015ApJ...805...18W  AND  2015,23.0,3.0,2015ApJ...805...18W  AND  2015,16.5507,0.0004,2022MNRAS.515.1078V,,,,0.531,0.03,2022MNRAS.515.1078V,,,,55.3,13.1,2022MNRAS.515.1078V,57258.23,0.17,periastron,2022MNRAS.515.1078V,151.2,5.1,2022MNRAS.515.1078V,donor,57258.23,0.17,as published,
1H 1249-637,,,,9.6,,2005A&A...441..235Z,226.0,6.0,2012ApJ...755...64S,,,,,,,14200.0,1400.0,2001A&A...377..148T,22.0,7.0,2007AN....328..889K,,,,,,,,,,,,no phase zero: the F23 period reference reports the periodicity without an epoch
2E 1145.5-6155,,,,12.5,,1996MNRAS.280L..31P,187.5,,2018MNRAS.481.2779S,,,,0.5,,2018MNRAS.481.2779S,292.274,0.001,1987MNRAS.225..369C,-17.0,7.4,2007AN....328..889K,,,,,,,,,,,,"no phase zero: the F23 period reference is a catalogue paper that tabulates the period without an epoch; the system is also known as 2S 1145-619, 3A 1145-619 and H 1145-619"
2MASS J22535512+6243368,,,,,,,,,,,,,,,,46.753,0.003,2021A&A...649A.118L,,,,,,,,,,,,,,,
2S 0114+650,,,,16.0,2.0,2017ApJ...844...16H,11.5983,0.0006,1985ApJ...299..839C,30.76,0.03,2013ApJ...778...45C,0.18,0.05,2006A&A...458..513K,10008.0,36.0,1992A&A...262L..25F,-31.0,5.0,2003RMxAA..39...17K,44134.4,0.7,periastron,1985ApJ...299..839C,11.5,11.5,1985ApJ...299..839C,donor,44134.4,0.7,as published,
3A 0656-072,,,,15.6,,2005A&A...436.1049M,101.2,,2015A&ARv..23....2W,,,,,,,160.4,0.4,2006A&A...451..267M,,,,,,,,,,,,,,,no phase zero: the F23 period reference is a review that tabulates the period without an epoch
3A 0726-260,,,,38.1,,2005A&A...436.1049M,34.548,0.01,2016ATel.9823....1C,,,,,,,103.144,0.001,2020RAA....20..155R,,,,,,,,,,,,,,,"no phase zero: the F23 period reference, and the 2025 study of the same source under its other name 4U 0728-25, both report the period without an epoch"
4U 0115+634,,,,17.5,,1996MNRAS.280L..31P,24.3174,0.0004,2010MNRAS.406.2663R,,,,0.339,0.005,2010MNRAS.406.2663R,3.6,,1978IAUC.3163....1C,,,,53243.038,0.051,periastron,2010MNRAS.406.2663R,50.07,0.85,2010MNRAS.406.2663R,compact,53243.038,0.051,as published,
4U 1538-522,1.18,0.29,2004ARep...48...89A,20.0,,2004ARep...48...89A,3.72831,2e-05,2019ApJ...873...62H,14.913,0.0026,2021ApJ...906...13C,0.18,0.01,2015A&A...577A.130F,526.42,0.07,2019ApJ...873...62H,-158.0,11.0,2004ARep...48...89A,57612.53,0.05,Tpi/2,2019ApJ...873...62H,57.0,14.0,2019ApJ...873...62H,compact,57612.18823825,0.15335862171020143,from Tpi/2,
4U 1700-377,1.96,0.19,2015A&A...577A.130F,46.0,5.0,2015A&A...577A.130F,3.41166,4e-06,2016MNRAS.461..816I,,,,0.03,0.02,2016MNRAS.461..816I,,,,-60.0,10.0,1986ApJS...61..419G,49149.412,0.006,mid-eclipse,2016MNRAS.461..816I,49.0,11.0,2015A&A...577A.130F,donor,49150.707538997776,0.11019973336652973,from mid-eclipse,
4U 1901+03,,,,,,,22.5827,0.0002,2005ApJ...635.1217G,,,,0.0363,0.0003,2005ApJ...635.1217G,2.761,0.001,2019ATel12556....1H,,,,52682.244,0.001,Tpi/2,2005ApJ...635.1217G,268.812,0.003,2005ApJ...635.1217G,compact,52693.46082709,0.0010226142417602494,from Tpi/2,
4U 1907+097,,,,27.8,,2005A&A...436.1049M,8.375299999999998,0.0003,1998ApJ...496..386I,,,,0.28,0.1,1998ApJ...496..386I,437.5,0.0,1984PASJ...36..679M,,,,50134.76,0.2,Tpi/2,1998ApJ...496..386I,330.0,20.0,1998ApJ...496..386I,compact,50131.96823333333,0.5066936178591676,from Tpi/2,
4U 1909+07,,,,32.0,0.0,2005A&A...436.1049M,4.4007,0.0009,2004ApJ...617.1284L,15.18,0.003,2013ApJ...778...45C,0.021,0.04,2004ApJ...617.1284L,603.6,0.1,2020MNRAS.498.4830J,,,,52631.383,0.013,superior conjunction,2004ApJ...617.1284L,,,,,,,,
4U 1954+319,,,,9.0,4.0,2020ApJ...904..143H,1296.6375,,2020ApJ...904..143H,,,,,,,18612.0,,2006A&A...460L...1M,,,,,,,,,,,,,,,"no phase zero: the F23 period reference states that after 2.5 years of monitoring the radial velocities have not yet closed, so there is no orbital solution"
4U 2206+543,,,,18.0,,2005A&A...441..235Z,9.558,0.04,2014AN....335.1060S,,,,0.3,0.02,2014AN....335.1060S,392.0,,1992ApJ...401..678S,-54.5,1.0,2014AN....335.1060S,55871.17,0.05,superior conjunction,2014AN....335.1060S,,,,,,,,no longitude of periastron: the omega of the same table renders in the PDF as 'omega (deg) 61 0.2+/-1' and cannot be read unambiguously
ATO J278.3657-10.5901,,,,14.6,,1996MNRAS.280L..31P,,,,,,,,,,,,,,,,,,,,,,,,,,,
AX J1700-419,,,,,,,,,,,,,,,,714.5,0.3,1999ApJ...523L..65T,,,,,,,,,,,,,,,
AX J1841.0-0536,,,,,,,,,,,,,,,,4.7394,0.0008,2001PASJ...53.1179B,,,,,,,,,,,,,,,"the original reference for the orbital period, eccentricity and systemic radial velocity of this system is 2015arXiv150301087G (arXiv:1503.01087), which is no longer available, having been withdrawn from arXiv, so they are discarded here; Bozzo et al. (2024) report that the orbital period of this system remains undetermined, and that the 4.7 s spin period of Bamba et al. (2001) that F23 also tabulates has been questioned and never confirmed, so no value replaces them"
Cen X-3,1.34,0.16,2007A&A...473..523V,20.2,1.8,2007A&A...473..523V,2.033,0.029,2021JApA...42...58S,,,,0.0001,0.0,2010MNRAS.401.1532R,4.80188,8.5e-05,2021JApA...42...58S,32.0,13.0,2007A&A...473..523V,50506.788423,7e-06,mid-eclipse,2015A&A...577A.130F,,,,,,,,"the eccentricity is bounded at < 0.0016, so no longitude of periastron is defined"
Cep X-4,,,,10.8,,1996MNRAS.280L..31P,20.85,0.05,2007A&A...470.1065M,,,,,,,65.3508,0.00014,2021ApJ...920..139M,,,,,,,,,,,,,,,no phase zero: the F23 period reference reports a 20.85 d periodicity in the long-term light curve without an epoch
Cir X-1,,,,,,,16.68,0.15,2007MNRAS.374..999J,,,,0.45,0.07,2007MNRAS.374..999J,,,,26.0,3.0,2007MNRAS.374..999J,53473.3,0.4,periastron,2007MNRAS.374..999J,2.0,12.0,2007MNRAS.374..999J,donor,53473.3,0.4,as published,
EM* AS   14,,,,,,,,,,,,,,,,,,,,,,,,,,,,,,,,,
EXO 2030+375,,,,17.5,,1996MNRAS.280L..31P,46.0214,0.0005,2002ApJ...570..287W,,,,0.419,0.002,2002ApJ...570..287W,41.306,0.003,2021JApA...42...33J,,,,50547.22,0.02,periastron,2002ApJ...570..287W,211.2,0.6,2002ApJ...570..287W,compact,50547.22,0.02,as published,
GRO J1008-57,,,,17.5,,1996MNRAS.280L..31P,247.8,0.4,2007MNRAS.378.1427C,,,,0.68,0.02,2007MNRAS.378.1427C,93.587,0.005,1993IAUC.5836....1S,,,,49189.8,0.5,periastron,2007MNRAS.378.1427C,,,,,49189.8,0.5,as published,no longitude of periastron: the orbital-parameter table of the period reference does not list it
GS 0834-430,,,,13.5,0.0,1996MNRAS.280L..31P,105.8,0.4,1997ApJ...479..388W,,,,0.14,0.04,1997ApJ...479..388W,12.3203,0.0015,1993A&A...271..487B,,,,48809.6,1.6,periastron,1997ApJ...479..388W,140.0,53.0,1997ApJ...479..388W,compact,48809.6,1.6,as published,
GS 1843+009,,,,13.5,0.0,1996MNRAS.280L..31P,,,,,,,,,,29.4764,0.0008,1999NuPhS..69..220P,,,,,,,,,,,,,,,
GX 301-2,,,,43.0,10.0,2006A&A...457..595K,41.498,0.002,2006A&A...457..595K,,,,0.462,0.01,2006A&A...457..595K,680.0,,1976ApJ...209L.119W,4.1,2.4,2006A&A...457..595K,48802.79,0.12,periastron,2006A&A...457..595K,310.4,1.4,2006A&A...457..595K,compact,48802.79,0.12,as published,
H 1417-624,,,,12.5,0.0,1996MNRAS.280L..31P,42.12,,1996A&AS..120C.209F,,,,0.446,,1996A&AS..120C.209F,17.64,,1981ApJ...243..251K,,,,51485.059,0.057,periastron,2010MNRAS.406.2663R,298.85,0.68,2010MNRAS.406.2663R,compact,51485.059,0.057,as published,
HD 119682,,,,17.5,,1996MNRAS.280L..31P,90.0,,2022MNRAS.510.2286N,,,,,,,1500.0,100.0,2007ApJ...659..407S,,,,58518.651,0.013,superior conjunction,2022MNRAS.510.2286N,,,,,,,,
HD 259440,1.4,,2010ApJ...724..306A,15.7,2.5,2010ApJ...724..306A,317.3,0.7,2021ApJ...923..241A,,,,0.62,0.2,2018PASJ...70...61M,,,,36.9,0.8,2018PASJ...70...61M,54857.0,,folding origin,2021ApJ...923..241A,,,,,,,,
HD 96670,6.2,0.9,2021ApJ...913...48G,22.7,5.2,2021ApJ...913...48G,5.28388,0.00046,2021ApJ...913...48G,,,,0.12,0.01,2021ApJ...913...48G,,,,-27.5,0.02,2021ApJ...913...48G,44259.049,,spectroscopic phase zero,2021ApJ...913...48G,,,,,,,,no longitude of periastron: the paper fits it but the value could not be read from the table
IGR J00370+6122,,,,22.0,,2014A&A...563A...1G,15.6649,0.0014,2021PASJ...73.1389U,,,,0.48,0.03,2014A&A...563A...1G,674.0,,2021PASJ...73.1389U,-80.0,3.0,2014A&A...563A...1G,55084.018,,periastron,2021PASJ...73.1389U,,,,,55084.018,,as published,
IGR J01363+6610,,,,12.5,,1996MNRAS.280L..31P,159.0,2.0,2010ATel.3079....1C,,,,,,,,,,,,,55291.0,3.0,outburst,2010ATel.3079....1C,,,,,55291.0,3.0,outburst maximum of a Be XB,"the epoch is an outburst maximum and is adopted as the periastron passage: F23 classes this system as a Be XB, and the Type I outbursts of Be XBs recur at or near periastron (Fornasini et al. 2023, Sect. 5.1.2), the recurrence being what the orbital period is measured from. The identification is only as sharp as the outburst is narrow, and that systematic is not included in e_MJD_Tper"
IGR J06074+2205,,,,14.6,,1996MNRAS.280L..31P,,,,,,,,,,373.226,0.013,2018A&A...613A..52R,18.9,4.1,2017AJ....153..174C,,,,,,,,,,,,
IGR J08262-3736,,,,,,,,,,,,,,,,,,,,,,,,,,,,,,,,,
IGR J10101-5654,,,,,,,,,,,,,,,,,,,,,,,,,,,,,,,,,
IGR J11215-5952,,,,,,,164.6,0.1,2018MNRAS.481.2779S,,,,0.8,,2018MNRAS.481.2779S,186.78,0.03,2020A&A...638A..71S,,,,,,,,,,,,,,,"no phase zero: the outbursts are folded on 164.6 d against the peak of the 2007 February 9 outburst, but no paper writes that date as a number"
IGR J11305-6256,,,,17.5,,1996MNRAS.280L..31P,120.83,0.34,2013arXiv1305.3916L,,,,,,,,,,-22.0,7.4,2007AN....328..889K,54658.949,,folding origin,2013arXiv1305.3916L,,,,,,,,
IGR J11435-6109,,,,14.6,0.0,1996MNRAS.280L..31P,52.46,0.06,2005ATel..377....1C,,,,,,,161.76,0.01,2004ATel..362....1I,,,,53069.5,1.9,outburst,2005ATel..377....1C,,,,,53069.5,1.9,outburst maximum of a Be XB,"the epoch is an outburst maximum and is adopted as the periastron passage: F23 classes this system as a Be XB, and the Type I outbursts of Be XBs recur at or near periastron (Fornasini et al. 2023, Sect. 5.1.2), the recurrence being what the orbital period is measured from. The identification is only as sharp as the outburst is narrow, and that systematic is not included in e_MJD_Tper"
IGR J13020-6359,,,,17.5,,1996MNRAS.280L..31P,,,,,,,,,,700.0,,2005MNRAS.364..455C,,,,,,,,,,,,,,,
IGR J13186-6257,,,,17.5,,1996MNRAS.280L..31P,,,,,,,,,,,,,,,,,,,,,,,,,,,
IGR J14331-6112,,,,,,,,,,,,,,,,,,,,,,,,,,,,,,,,,
IGR J16195-4945,,,,27.8,,2005A&A...436.1049M,16.0,,2015A&ARv..23....2W,,,,,,,,,,,,,,,,,,,,,,,,no phase zero: the F23 period reference is a review that tabulates the period without an epoch; the system is also AX J161929-4945
IGR J16207-5129,,,,,,,9.726,,2011ATel.3785....1J,,,,,,,,,,,,,,,,,,,,,,,,no phase zero: the F23 period reference is an Astronomer's Telegram that reports the period and the shape of the folded light curve without an epoch
IGR J16318-4848,,,,,,,80.09,0.012,2017MNRAS.471..355I,,,,,,,,,,,,,53477.577,,folding origin,2017MNRAS.471..355I,,,,,,,,
IGR J16328-4726,,,,33.7,0.0,2005A&A...436.1049M,10.068,0.002,2013ApJ...762...19F,,,,,,,,,,,,,52651.164,,folding origin,2013ApJ...762...19F,,,,,,,,
IGR J16465-4507,,,,27.8,,2005A&A...436.1049M,30.24,,2018MNRAS.481.2779S,,,,,,,228.0,,2006A&A...453..133W,,,,53736.2,,outburst,2010MNRAS.406L..75C,,,,,,,,the eccentricity is not measured; the outbursts are reported to cluster near periastron
IGR J17354-3255,,,,29.6,0.0,2005A&A...436.1049M,8.447,0.002,2011MNRAS.417..573S,,,,,,,,,,,,,52698.205,,folding origin,2011MNRAS.417..573S,,,,,,,,
IGR J17544-2619,1.4,,2017AstL...43..664B,23.0,2.0,2017AstL...43..664B,12.172,0.007,2013BCrAO.109...27N,,,,0.44,0.1,2013BCrAO.109...27N,71.49,0.02,2012A&A...539A..21D,-46.8,4.0,2013BCrAO.109...27N,54324.7,0.9,periastron,2013BCrAO.109...27N,142.0,28.0,2013BCrAO.109...27N,donor,54324.7,0.9,as published,
IGR J18027-2016,1.5,0.4,2011A&A...532A.124M,20.0,3.0,2011A&A...532A.124M,4.5696,0.0009,2011A&A...532A.124M,,,,0.2,-1.0,2011A&A...532A.124M,139.612,0.006,2005A&A...439..255H,51.7,2.4,2011A&A...532A.124M,52168.26,0.04,mid-eclipse,2011A&A...532A.124M,,,,,,,,
IGR J18214-1318,,,,,,,5.4246,0.0004,2020MNRAS.498.2750C,,,,0.17,0.0,2020MNRAS.498.2750C,,,,,,,55684.64,0.05,mid-eclipse,2020MNRAS.498.2750C,,,,,,,,
IGR J18256-1035,,,,,,,,,,,,,,,,,,,,,,,,,,,,,,,,,
IGR J18450-0435,,,,29.6,,2005A&A...436.1049M,5.7195,0.0007,2013MNRAS.434.2182G,,,,,,,,,,,,,52708.43297,,folding origin,2013MNRAS.434.2182G,,,,,,,,"the original reference for the orbital period, eccentricity and systemic radial velocity of this system is 2015arXiv150301087G (arXiv:1503.01087), which is no longer available, having been withdrawn from arXiv, so they are discarded here; Goossens et al. (2013) measure Porb = 5.7195 +/- 0.0007 d for the same system under its other name AX J1845.0-0433, from INTEGRAL/IBIS 18-60 keV data, and that period is adopted here; they bound the eccentricity at < 0.37 from the Roche-lobe geometry without measuring it, so no eccentricity is adopted"
IGR J18462-0223,,,,,,,2.1378,,2013A&A...556A..27S,,,,,,,997.0,1.0,2012ApJ...753....3B,,,,53853.4,,outburst,2013A&A...556A..27S,,,,,,,,
IGR J18483-0311,,,,,,,18.545,0.003,2011ApJS..196....6L,,,,0.4,0.0,2010MNRAS.401.1564R,21.0526,0.0005,2007A&A...467..249S,,,,53507.1,0.1,outburst,2011ApJS..196....6L,,,,,,,,
IGR J19140+0951,,,,,,,13.558,0.004,2004ATel..269....1C,,,,,,,5937.0,0.0,2016MNRAS.460.3637S,,,,51593.4,0.32,outburst,2004ATel..269....1C,,,,,,,,
IGR J19294+1816,,,,12.5,0.0,1996MNRAS.280L..31P,117.2,0.2,2009ATel.2008....1C,,,,,,,12.44,,2009ATel.2002....1S,,,,54680.3,0.6,outburst,2009ATel.2008....1C,,,,,54680.3,0.6,outburst maximum of a Be XB,"the epoch is an outburst maximum and is adopted as the periastron passage: F23 classes this system as a Be XB, and the Type I outbursts of Be XBs recur at or near periastron (Fornasini et al. 2023, Sect. 5.1.2), the recurrence being what the orbital period is measured from. The identification is only as sharp as the outburst is narrow, and that systematic is not included in e_MJD_Tper"
IGR J19498+2534,,,,,,,,,,,,,,,,,,,,,,,,,,,,,,,,,
IGR J21347+4737,,,,12.5,,1996MNRAS.280L..31P,,,,,,,,,,322.7,0.6,2020ATel14291....1P,,,,,,,,,,,,,,,
KS 1947+300,,,,17.5,,1996MNRAS.280L..31P,40.415,0.007,2004ApJ...613.1164G,,,,0.034,0.007,2004ApJ...613.1164G,18.7,,1995ApJ...446..826C,,,,51985.31,0.07,Tpi/2,2004ApJ...613.1164G,333.0,,2004ApJ...613.1164G,compact,51972.175124999994,0.07016095096787328,from Tpi/2,
LS 5039,,,,23.0,,2005MNRAS.364..899C,3.90607,8e-05,2011ASSP...21..559C,,,,0.35,0.03,2011ASSP...21..559C,,,,17.3,0.5,2011ASSP...21..559C,52825.485,0.053,periastron,2009ApJ...698..514A,236.0,5.8,2009ApJ...698..514A,donor,52825.485,0.053,as published,
LS I+61 303,,,,12.5,,2005MNRAS.360.1105C,26.496,0.0028,2002ApJ...575..427G,1628.0,48.0,2016A&A...585A.123M,0.537,0.03,2009ApJ...698..514A,,,,-41.41,0.6,2009ApJ...698..514A,51057.39,0.23,periastron,2009ApJ...698..514A,40.5,5.7,2009ApJ...698..514A,donor,51057.39,0.23,as published,
MWC 656,,,,7.8,2.0,2010ApJ...723L..93W,60.37,0.04,2010ApJ...723L..93W,,,,0.1,0.0,2014Natur.505..378C,,,,-14.1,2.1,2014Natur.505..378C,53242.8,1.8,optical maximum,2010ApJ...723L..93W,,,,,,,,
PSR B1259-63,,,,22.5,7.5,2018MNRAS.479.4849M,1236.724526,6e-06,2018MNRAS.479.4849M,,,,0.8698797,6e-08,2018MNRAS.479.4849M,0.04776,,1992ApJ...387L..37J,0.0,1.0,1994MNRAS.268..430J,53071.244729,7e-07,periastron,2018MNRAS.479.4849M,138.665013,1.1e-05,2018MNRAS.479.4849M,compact,53071.244729,7e-07,as published,
RX J0146.9+6121,,,,9.6,,1996MNRAS.280L..31P,330.0,,2018MNRAS.481.2779S,,,,,,,1407.4,3.0,1998A&A...330..189H,,,,,,,,,,,,,,,"no phase zero: the F23 period reference is a catalogue paper without an epoch, and the 330 d period is itself inferred rather than measured from an orbital solution"
RX J0440.9+4431,,,,17.5,,1996MNRAS.280L..31P,150.0,,2013A&A...553A.103F,,,,,,,202.5,0.5,1999MNRAS.306..100R,,,,53400.0,,folding origin,2013A&A...553A.103F,,,,,,,,
RX J0812.4-3114,,,,17.5,,1996MNRAS.280L..31P,80.39,3.0,2019MNRAS.488.4427Z,,,,,,,31.908,0.009,2019MNRAS.488.4427Z,,,,51260.5,2.0,outburst,2000ApJ...530L..33C,,,,,51260.5,2.0,outburst maximum of a Be XB,"the epoch is an outburst maximum and is adopted as the periastron passage: F23 classes this system as a Be XB, and the Type I outbursts of Be XBs recur at or near periastron (Fornasini et al. 2023, Sect. 5.1.2), the recurrence being what the orbital period is measured from. The identification is only as sharp as the outburst is narrow, and that systematic is not included in e_MJD_Tper"
RX J1744.7-2713,,,,14.6,,1996MNRAS.280L..31P,,,,,,,,,,3245.0,350.0,2006A&A...454..265L,,,,,,,,,,,,,,,
RX J2030.5+4751,,,,14.6,,1996MNRAS.280L..31P,46.02,,2018MNRAS.481.2779S,,,,0.41,,2018MNRAS.481.2779S,,,,,,,,,,,,,,,,,,"the orbital period and eccentricity F23 gives for this system, 46.02 d and 0.41, are the values its cited source (Sidoli & Paizis 2018, Table 1) tabulates for EXO 2030+375; that paper does not mention RX J2030.5+4751 at all, so both are treated as unverified here; no phase zero: there is no orbital solution for this system, the tabulated period belonging to another source"
SAX J0635.2+0533,,,,9.6,,1996MNRAS.280L..31P,11.2,0.5,2000ApJ...542L..41K,,,,0.29,0.09,2000ApJ...542L..41K,0.034,,2000ApJ...528L..25C,,,,51419.8,0.9,periastron,2000ApJ...542L..41K,225.0,47.0,2000ApJ...542L..41K,compact,51419.8,0.9,as published,
SAX J1818.6-1703,,,,,,,30.0,,2018MNRAS.481.2779S,,,,,,,,,,,,,,,,,,,,,,,,"no phase zero: Bird et al. (2009) discover the 30 d period but state no epoch, MJD 53671 in that paper being the date of a flare in its Table 1; the eccentricity is not measured either, Bozzo et al. (2024) quoting an estimate of 0.3-0.4"
SAX J1819.3-2525,10.2,1.5,2001ApJ...555..489O,6.8,1.4,2001ApJ...555..489O,2.817,0.002,2005MNRAS.363..882L,,,,,,,,,,72.7,3.3,2005MNRAS.363..882L,53154.17359,,ellipsoidal minimum,2005MNRAS.363..882L,,,,,,,,
SAX J2103.5+4545,,,,17.5,,1996MNRAS.280L..31P,12.66536,0.00088,2007MNRAS.374.1108B,,,,0.4055,0.003,2007MNRAS.374.1108B,358.61,0.03,1998A&A...337L..25H,,,,52469.336,0.057,Tpi/2,2007MNRAS.374.1108B,244.3,6.0,2007MNRAS.374.1108B,compact,52474.76451402222,0.21792137673227704,from Tpi/2,
SAX J2239.3+6116,,,,17.5,,1996MNRAS.280L..31P,262.0,5.0,2000A&A...361...85I,,,,,,,1247.2,0.7,2001A&A...380L..26I,,,,50786.0,,outburst,2000A&A...361...85I,,,,,50786.0,,outburst maximum of a Be XB,"the epoch is an outburst maximum and is adopted as the periastron passage: F23 classes this system as a Be XB, and the Type I outbursts of Be XBs recur at or near periastron (Fornasini et al. 2023, Sect. 5.1.2), the recurrence being what the orbital period is measured from. The identification is only as sharp as the outburst is narrow, and that systematic is not included in e_MJD_Tper"
SGR 0755-2933,,,,25.29,,2005A&A...436.1049M,260.0,,2021A&A...647A.165D,,,,,,,307.8,0.04,2021A&A...647A.165D,,,,,,,,,,,,,,,no phase zero: the 260 d period is tentative and the paper gives no epoch
SNR 021.5-00.9,,,,17.5,,1996MNRAS.280L..31P,,,,,,,,,,,,,,,,,,,,,,,,,,,
SS 433,4.2,0.4,2020A&A...640A..96P,11.3,0.6,2020A&A...640A..96P,13.08,0.0,2007A&A...474..903B,23.228,0.005,1997Ap&SS.252..439F,0.05,0.01,2021MNRAS.507L..19C,,,,69.0,4.7,2020A&A...640A..96P,50023.26,0.2,superior conjunction,2010ApJ...709.1374K,,,,,,,,
Swift J0243.6+6124,,,,,,,28.3,0.2,2018A&A...613A..19D,,,,0.092,0.007,2018A&A...613A..19D,9.8661,0.0003,2017ATel10812....1J,,,,58019.2,0.4,periastron,2018A&A...613A..19D,-76.0,4.0,2018A&A...613A..19D,compact,58019.2,0.4,as published,
V 0332+53,,,,18.8,,2005A&A...436.1049M,36.5,0.29,2010MNRAS.406.2663R,,,,0.417,0.007,2010MNRAS.406.2663R,4.4,,1985ApJ...288L..45S,,,,53330.584,0.055,periastron,2010MNRAS.406.2663R,283.49,0.91,2010MNRAS.406.2663R,compact,53330.584,0.055,as published,
Vela X-1,2.12,0.16,2015A&A...577A.130F,26.0,1.0,2015A&A...577A.130F,8.96302,0.00045,1997MNRAS.286L..21S,,,,0.107,0.08,1997MNRAS.286L..21S,283.0,,1976ApJ...206L..99M,-3.2,0.9,1997MNRAS.286L..21S,42611.349,0.013,mid-eclipse,2015A&A...577A.130F,152.59,0.92,2015A&A...577A.130F,compact,42612.64640258411,0.17277448036925502,from mid-eclipse,
X Per,,,,15.5,,1997MNRAS.286..549L,250.3,0.6,2001ApJ...546..455D,,,,0.111,0.02,2001ApJ...546..455D,837.6712,0.0003,2001ApJ...546..455D,1.0,0.9,2007ApJ...660.1398G,51353.0,7.0,periastron,2001ApJ...546..455D,288.0,9.0,2001ApJ...546..455D,compact,51353.0,7.0,as published,
XTE J0421+560,,,,,,,19.41,0.02,2006ASPC..355..305B,,,,0.62,,2006ASPC..355..305B,,,,-51.0,2.0,2016MNRAS.456.1424A,52198.5,,inferior conjunction,2006ASPC..355..305B,270.0,,2006ASPC..355..305B,compact,52198.5,0.020198690539088054,from inferior conjunction,"the eccentricity is not F23's, which reports none for this system"
XTE J1739-302,,,,33.7,,2005A&A...436.1049M,51.47,,2018MNRAS.481.2779S,,,,,,,,,,,,,52698.2,,folding origin,2010MNRAS.409.1220D,,,,,,,,
XTE J1855-026,,,,,,,6.067,0.004,1999ApJ...517..956C,,,,0.04,0.02,2015A&A...577A.130F,361.1,0.4,1999ApJ...517..956C,,,,50289.1,0.15,outburst,1999ApJ...517..956C,226.0,15.0,2015A&A...577A.130F,compact,,,,"the eccentricity is not F23's, which reports none for this system"
XTE J1906+090,,,,,,,81.4,0.1,2017ApJ...846..161C,,,,,,,89.17,0.02,1998ApJ...502L.129M,,,,,,,,,,,,,,,"no phase zero: the F23 period reference finds two candidate periods, 173.1 and 81.4 d, and calls their origins unclear"
XTE J1946+274,,,,15.0,0.0,1996MNRAS.280L..31P,172.7,0.6,2015ApJ...815...44M,,,,0.246,0.009,2015ApJ...815...44M,15.78801,4e-05,2001A&A...370..529P,,,,55514.8,1.1,periastron,2015ApJ...815...44M,-87.4,1.7,2015ApJ...815...44M,compact,55514.8,1.1,as published,
