ID,name,sep_arcsec,err_ellipse_r0,err_ellipse_r1,dM2_xray,accepted,kept,Notes
1A 0535+262,2CXO J053854.5+261856,0.11984012017778814,0.29,0.29,1.0229049926434939,True,True,accepted by the cross-match
1A 0535+262,2CXO J053854.5+261855X,0.7515684915488816,1.25,1.25,2.165428885094066,True,True,accepted by the cross-match
1A 1118-615,2CXO J112057.1-615500,0.3630352990329296,0.31,0.3,8.415397552470047,True,True,accepted by the cross-match
1FGL J1018.6-5856,2CXO J101855.6-585645,0.04469802239756113,0.29,0.29,0.14230083359637008,True,True,accepted by the cross-match
2E 1145.5-6155,2CXO J114800.0-621224,0.06961699542463468,0.3,0.29,0.34508698081183053,True,True,accepted by the cross-match
2MASS J22535512+6243368,2CXO J225355.0+624337,0.457275300962194,0.3111440741293547,0.30133434956674165,13.791019688739894,False,True,"kept by decision: reported by F23, rejected by the cross-match at dM2 = 13.8 (threshold 9.21)"
3A 0656-072,2CXO J065814.5-071245,0.07238701767028165,0.3,0.3,0.34874314622126434,True,True,accepted by the cross-match
3A 0726-260,2CXO J072853.5-260629,0.029925746632782264,0.29,0.29,0.06378533134437074,True,True,accepted by the cross-match
4U 1538-522,2CXO J154223.3-522309,0.19957548905125863,0.29,0.29,2.8369078623304844,True,True,accepted by the cross-match
4U 1901+03,2CXO J190339.3+031215,0.010989025367961557,0.29,0.29,0.008601004571232938,True,True,accepted by the cross-match
4U 1901+03,2CXO J190339.4+031215X,0.9173260718258376,3.34,3.34,0.4518365539359612,True,True,accepted by the cross-match
4U 1954+319,2CXO J195542.3+320549,0.055954734365816806,0.38,0.34,0.14890577156481685,True,True,accepted by the cross-match
ATO J278.3657-10.5901,2CXO J183327.7-103524,0.05007893211725597,0.29,0.29,0.17862446679674782,True,True,accepted by the cross-match
AX J1700-419,2CXO J170004.3-415805,0.01486078818270944,0.34,0.31,0.013764674306462662,True,True,accepted by the cross-match
AX J1841.0-0536,2CXO J184107.4-053450,4.49283634518277,12.150762858982572,8.69285071567815,1.4198472516528646,True,True,accepted by the cross-match
Cen X-3,2CXO J112115.1-603725X,0.6974370581631286,1.38,1.38,1.5299551124209427,True,True,accepted by the cross-match
Cen X-3,2CXO J112115.1-603725,0.22488015572278386,0.29,0.29,3.601911959370297,True,True,accepted by the cross-match
Cep X-4,2CXO J213930.6+565910,0.03693913814768587,0.3,0.3,0.09081505070324428,True,True,accepted by the cross-match
Cir X-1,2CXO J152040.8-571000,0.022377130216972595,0.29,0.29,0.035664784553108786,True,True,accepted by the cross-match
GRO J1008-57,2CXO J100946.9-581736,0.07065433322524778,0.29,0.29,0.3555563433173728,True,True,accepted by the cross-match
GS 0834-430,2CXO J083555.4-431108,0.042390855712912366,0.36,0.36,0.0830550774842334,True,True,accepted by the cross-match
GS 1843+009,2CXO J184536.8+005147,0.054275096823768264,0.46,0.43,0.09065897919230408,True,True,accepted by the cross-match
GX 301-2,2CXO J122637.5-624613,0.1147484022823895,0.32,0.3,0.8659084130772625,True,True,accepted by the cross-match
GX 301-2,2CXO J122638.2-624610X,4.8209593037708505,5.134656174162,5.134656174162,5.280451008601486,True,True,accepted by the cross-match
H 1417-624,2CXO J142112.1-624156,0.028077089706234504,0.31,0.31,0.04913688416824046,True,True,accepted by the cross-match
HD 119682,2CXO J134632.5-625523,0.06720604090734189,0.29,0.29,0.3216973256515035,True,True,accepted by the cross-match
HD 259440,2CXO J063259.2+054801,0.051402408253307004,0.29,0.29,0.1881905275825855,True,True,accepted by the cross-match
HD 96670,2CXO J110713.9-595223,0.08207904514251711,0.33,0.3,0.41390273829412666,True,True,accepted by the cross-match
IGR J00370+6122,2CXO J003709.6+612136,0.013089646484934405,0.32,0.32,0.010022653146018828,True,True,accepted by the cross-match
IGR J06074+2205,2CXO J060726.6+220547,0.15482545300138972,0.3,0.3,1.5953979574838029,True,True,accepted by the cross-match
IGR J10101-5654,2CXO J101011.8-565532,0.07290523405389769,0.32,0.3,0.3533946223485944,True,True,accepted by the cross-match
IGR J11305-6256,2CXO J113106.9-625648,0.09297964884737199,0.3,0.3,0.5753870938631718,True,True,accepted by the cross-match
IGR J11305-6256,2CXO J113106.9-625648X,0.7254983766900878,1.9,1.9,0.8733584178764308,True,True,accepted by the cross-match
IGR J11435-6109,2CXO J114400.3-610736,0.16021453352463066,0.32,0.3,1.5015204158846247,True,True,accepted by the cross-match
IGR J13020-6359,2CXO J130158.6-635808,0.9151278663530747,0.6327991951608842,0.4342883952394437,17.530861423847117,False,False,rejected by the cross-match at dM2 = 17.5
IGR J13186-6257,2CXO J131825.0-625815,3.9110734198456103,0.36958306004487196,0.3479380587130568,752.6705195584735,False,True,"kept by decision: reported by F23, rejected by the cross-match at dM2 = 752.7 (threshold 9.21)"
IGR J14331-6112,2CXO J143308.3-611540,0.02356140653639527,0.33,0.32,0.031243116798296628,True,True,accepted by the cross-match
IGR J16195-4945,2CXO J161932.2-494430,0.07750865132186846,0.32,0.3,0.3661693244935595,True,True,accepted by the cross-match
IGR J16207-5129,2CXO J162046.2-513006,0.12235293935428866,0.3,0.3,0.99635275771243,True,True,accepted by the cross-match
IGR J16207-5129,2CXO J162046.2-513004X,1.8025701867800286,3.59,3.59,1.5101576707836255,True,True,accepted by the cross-match
IGR J17354-3255,2CXO J173527.5-325554,0.011597920230539254,0.31,0.3,0.008825765537858814,True,True,accepted by the cross-match
IGR J17544-2619,2CXO J175425.3-261951X,0.993416277476711,1.63,1.63,2.224918756118242,True,True,accepted by the cross-match
IGR J17544-2619,2CXO J175425.2-261952,0.8827307018542172,1.04,1.04,4.315355785000252,True,True,accepted by the cross-match
IGR J18214-1318,2CXO J182119.7-131838,0.1160679712962288,0.3,0.3,0.8966214002811463,True,True,accepted by the cross-match
IGR J18256-1035,2CXO J182543.8-103501,0.009095999124941238,0.34,0.31,0.005155414427910956,True,True,accepted by the cross-match
IGR J18450-0435,2CXO J184501.5-043356,0.15398238985594723,0.3,0.3,1.5780705838959528,True,True,accepted by the cross-match
IGR J18483-0311,2CXO J184817.1-031016,0.07002651935611136,0.3,0.3,0.3263693704961878,True,True,accepted by the cross-match
IGR J19140+0951,2CXO J191404.2+095258X,0.7421770346859257,1.3,1.3,1.9523386020017295,True,True,accepted by the cross-match
IGR J19140+0951,2CXO J191404.2+095258,0.36527525807726363,0.3,0.3,8.880242498205059,True,True,accepted by the cross-match
IGR J19294+1816,2CXO J192955.8+181837,0.3313009386740482,0.31,0.3,7.223463224384137,True,True,accepted by the cross-match
IGR J19498+2534,2CXO J194955.4+253359,0.02914456115774218,0.3,0.3,0.056532651289038525,True,True,accepted by the cross-match
KS 1947+300,2CXO J194935.4+301231,0.18136404747376225,0.3,0.3,2.1892064124358863,True,True,accepted by the cross-match
LS 5039,2CXO J182615.0-145055,0.06309645109972671,0.3,0.29,0.26590988252060005,True,True,accepted by the cross-match
LS I+61 303,2CXO J024031.6+611345,0.025294786232774997,0.3,0.3,0.04258398890294536,True,True,accepted by the cross-match
MWC 656,2CXO J224257.2+444318,0.10455296714982493,0.35,0.33,0.5394131292341161,True,True,accepted by the cross-match
MWC 656,2CXO J224257.2+444319,1.263021554951205,0.42143823856274615,0.3997887880814509,54.09671110329581,False,False,rejected by the cross-match at dM2 = 54.1
PSR B1259-63,2CXO J130247.6-635008,0.09685327679542816,0.29,0.29,0.6681276787611271,True,True,accepted by the cross-match
PSR B1259-63,2CXO J130247.5-635010X,1.9329822569755033,1.343613477527,1.343613477527,12.397492510304614,False,False,rejected by the cross-match at dM2 = 12.4
PSR B1259-63,2CXO J130247.3-635011,4.064843984336795,0.3329112079100858,0.3329112079100858,893.0129398809329,False,False,rejected by the cross-match at dM2 = 893.0
RX J0812.4-3114,2CXO J081228.3-311452,0.05523777321296736,0.35,0.33,0.1665460530005817,True,True,accepted by the cross-match
RX J1744.7-2713,2CXO J174445.7-271344,0.3683430011218344,0.33,0.32,7.936374773217618,True,True,accepted by the cross-match
SAX J1818.6-1703,2CXO J181837.9-170248,0.11215322408590472,0.47,0.37,0.4415981199567797,True,True,accepted by the cross-match
SAX J1819.3-2525,2CXO J181921.6-252425,0.18246335275981032,0.3,0.3,2.215825798345578,True,True,accepted by the cross-match
SAX J2103.5+4545,2CXO J210335.6+454505,0.15434991260790007,0.3,0.29,1.6964693178197212,True,True,accepted by the cross-match
SAX J2239.3+6116,2CXO J223920.8+611626,0.18887132001261206,0.31,0.3,2.250321513064651,True,True,accepted by the cross-match
SGR 0755-2933,2CXO J075542.4-293353,0.06297709221910049,0.29,0.29,0.28248541884417105,True,True,accepted by the cross-match
SNR 021.5-00.9,2CXO J183328.3-102408,0.0490707725385808,0.31,0.3,0.15861115474525128,True,True,accepted by the cross-match
SS 433,2CXO J191149.5+045857,0.1358500140797227,0.29,0.29,1.3144685575447128,True,True,accepted by the cross-match
V 0332+53,2CXO J033459.9+531023,0.03749116834977783,0.41,0.39,0.05018018864452126,True,True,accepted by the cross-match
X Per,2CXO J035523.1+310244X,1.088310968755272,1.26,1.26,4.468808503798879,True,True,accepted by the cross-match
XTE J1739-302,2CXO J173911.5-302037,0.17299419850137726,0.3,0.3,1.991807626262787,True,True,accepted by the cross-match
XTE J1906+090,2CXO J190447.4+090241,0.11997787192615551,0.44,0.4,0.5388484539288404,True,True,accepted by the cross-match
XTE J1946+274,2CXO J194539.3+272155,0.2487414187245584,0.3,0.3,4.117944860008272,True,True,accepted by the cross-match
