ID,Gaia_ours,Gaia_F23,Gaia_SIMBAD,CSC_ours,CSC_F23,CSC_SIMBAD,XMM_ours,XMM_F23,XMM_SIMBAD,Notes
1A 0535+262,3441207615229815040,441207615229815040,3441207615229815040,2CXO J053854.5+261856; 2CXO J053854.5+261855X,2CXO J053854.5+261856,2CXO J053854.5+261856,5XMM J053854.5+261857,4XMM J053854.5+261857,4XMM J053854.5+261857,"the F23 Gaia identifier does not exist in Gaia DR3, being ours with its leading digits lost"
1A 1118-615,5336957010898124160,5336957010898124160,5336957010898124160,2CXO J112057.1-615500,2CXO J112057.1-615500,2CXO J112057.1-615500,,,,our counterparts agree with F23 and SIMBAD
1E 1145.1-6141,5334851450481641088,5334851450481641088,5334851450481641088,,,,5XMM J114728.6-615714,4XMM J114728.5-615713,4XMM J114728.5-615713,"XMM-Newton: redesignated between F23's 4XMM DR11 and our 5XMM-DR15, the two positions 1.07 arcsec apart"
1FGL J1018.6-5856,5255509901121774976,5255509901121774976,5255509901121774976,2CXO J101855.6-585645,2CXO J101855.6-585645,2CXO J101855.6-585645,5XMM J101855.5-585646,4XMM J101855.5-585646,XMMU J101855.4-585645; 4XMM J101855.5-585646,our counterparts agree with F23 and SIMBAD
1H 1249-637,6055103928246312960,6055103928246312960,6055103928246312960,,,,5XMM J124250.2-630331,4XMM J124250.3-630330,4XMM J124250.3-630330; 2XMM J124250.4-630330,"XMM-Newton: redesignated between F23's 4XMM DR11 and our 5XMM-DR15, the two positions 0.34 arcsec apart"
2E 1145.5-6155,5334823859608495104,5334823859608495104,5334823859608495104,2CXO J114800.0-621224,2CXO J114800.0-621224,2CXO J114800.0-621224,,,,our counterparts agree with F23 and SIMBAD
2MASS J22535512+6243368,2207277877757956352,2207277877757956352,2207277877757956352,2CXO J225355.0+624337,2CXO J225355.0+624337,2CXO J225355.0+624337,5XMM J225355.1+624337,4XMM J225355.0+624336,4XMM J225355.0+624336,"kept by decision: a source F23 reports that the cross-match rejects, dM2 = 13.8 (threshold 9.21); XMM-Newton: redesignated between F23's 4XMM DR11 and our 5XMM-DR15, the two positions 0.93 arcsec apart"
2S 0114+650,524924310153249920,524924310153249920,524924310153249920,,,,5XMM J011802.7+651729,4XMM J011802.6+651731,4XMM J011802.6+651731,"XMM-Newton: redesignated between F23's 4XMM DR11 and our 5XMM-DR15, the two positions 1.71 arcsec apart"
3A 0656-072,3052677284433717504,52677284433717504,3052677318793446016,2CXO J065814.5-071245,2CXO J065814.5-071245,,,,,"the F23 Gaia identifier does not exist in Gaia DR3, being ours with its leading digits lost; SIMBAD names a different Gaia source, 42.54 arcsec away"
3A 0726-260,5613494119551805184,5613494119551805184,5613494119551805184,2CXO J072853.5-260629,2CXO J072853.5-260629,2CXO J072853.5-260629,5XMM J072853.5-260629,,,XMM-Newton ID Candidate: F23 lists no counterpart
4U 0115+634,524677469790488960,524677469790488960,524677469790488960,,,,5XMM J011831.9+634433,4XMM J011831.9+634433,4XMM J011831.9+634433,our counterparts agree with F23 and SIMBAD
4U 1538-522,5886085557746480000,5886085557746480000,5886085557746480000,2CXO J154223.3-522309,2CXO J154223.3-522309,2CXO J154223.3-522309,5XMM J154223.3-522309,4XMM J154223.3-522309,4XMM J154223.3-522309,our counterparts agree with F23 and SIMBAD
4U 1700-377,5976382915813535232,5976382915813535232,5976382915813535232,,,,5XMM J170356.6-375038; 5XMM J170357.6-375022,4XMM J170356.7-375038,2XMM J170356.7-375037; 4XMM J170356.7-375038,"XMM-Newton: redesignated between F23's 4XMM DR11 and our 5XMM-DR15, the two positions 1.81 arcsec apart"
4U 1901+03,4268774695647764352,4268774695647764352,4268774695647764352,2CXO J190339.3+031215; 2CXO J190339.4+031215X,4U 1901+03,,,,,the F23 Chandra entry is not a CSC designation (4U 1901+03)
4U 1907+097,4309225217336729088,4309225217336729088,4309225217336729088,,,,5XMM J190937.9+094947,4XMM J190938.0+094947,4XMM J190938.0+094947,"XMM-Newton: redesignated between F23's 4XMM DR11 and our 5XMM-DR15, the two positions 0.77 arcsec apart"
4U 1909+07,4306419980916246656,4306419980916246656,4306419980916246656,,,,5XMM J191048.0+073551,,,XMM-Newton ID Candidate: F23 lists no counterpart
4U 1954+319,2034031438383765760,2034031438383765760,2034031438383765760,2CXO J195542.3+320549,2CXO J195542.3+320549,2CXO J195542.3+320549,,,,our counterparts agree with F23 and SIMBAD
4U 2206+543,2005653524280214400,2005653524280214400,2005653524280214400,,,,5XMM J220756.2+543106,4XMM J220756.2+543106,4XMM J220756.2+543106,our counterparts agree with F23 and SIMBAD
ATO J278.3657-10.5901,4155000844481174656,4155000844481174656,4155000844481174656,2CXO J183327.7-103524,2CXO J183327.7-103524,,5XMM J183327.8-103524,4XMM J183327.7-103524,1XMM J183327.7-103523; 2XMM J183327.7-103523; 3XMM J183327.7-103524,"XMM-Newton: redesignated between F23's 4XMM DR11 and our 5XMM-DR15, the two positions 1.01 arcsec apart"
AX J1700-419,5966358530819164544,5966358530819164544,5966358530819164544,2CXO J170004.3-415805,2CXO J170004.3-415805,2CXO J170004.3-415805,5XMM J170004.2-415804,4XMM J170004.5-415809,4XMM J170004.5-415809,"XMM-Newton: redesignated between F23's 4XMM DR11 and our 5XMM-DR15, the two positions 5.80 arcsec apart"
AX J1841.0-0536,4256502088596680960,4256502088596680960,4256500538116700160,2CXO J184107.4-053450,2CXO J184107.4-053450,,5XMM J184107.1-053453,4XMM J184107.2-053454,,"SIMBAD names a different Gaia source, 114.43 arcsec away; XMM-Newton: redesignated between F23's 4XMM DR11 and our 5XMM-DR15, the two positions 1.56 arcsec apart"
Cen X-3,5337498593446516480,5337498593446516480,5337498593446516480,2CXO J112115.1-603725X; 2CXO J112115.1-603725,2CXO J112115.1-603725,2CXO J112115.1-603725,5XMM J112115.0-603724,4XMM J112115.0-603725,4XMM J112115.0-603725,"XMM-Newton: redesignated between F23's 4XMM DR11 and our 5XMM-DR15, the two positions 1.28 arcsec apart"
Cep X-4,2178178409188167296,2178178409188167296,2178178409188167296,2CXO J213930.6+565910,2CXO J213930.6+565910,2CXO J213930.6+565910,,,,our counterparts agree with F23 and SIMBAD
Cir X-1,5883218164517055488,5883218164517055488,5883218164517055488,2CXO J152040.8-571000,2CXO J152040.8-571000,2CXO J152040.8-571000,5XMM J152040.8-570959,4XMM J152040.8-571000,4XMM J152040.8-571000,"XMM-Newton: redesignated between F23's 4XMM DR11 and our 5XMM-DR15, the two positions 0.27 arcsec apart"
EM* AS   14,414196617287885312,414196617287885312,414196617287885312,,,,5XMM J011559.0+590914,4XMM J011558.9+590913,4XMM J011558.9+590913; 2XMM J011559.0+590914,"XMM-Newton: redesignated between F23's 4XMM DR11 and our 5XMM-DR15, the two positions 1.07 arcsec apart"
EXO 2030+375,2063791369815322752,2063791369815322752,2063791369815322752,,,,5XMM J203215.1+373815,4XMM J203215.2+373815,4XMM J203215.2+373815,"XMM-Newton: redesignated between F23's 4XMM DR11 and our 5XMM-DR15, the two positions 1.80 arcsec apart"
GRO J1008-57,5258414192353423360,5258414192353423360,5258414192353423360,2CXO J100946.9-581736,2CXO J100946.9-581736,2CXO J100946.9-581736,,,,our counterparts agree with F23 and SIMBAD
GS 0834-430,5523448270462666880,,5523448270462666880,2CXO J083555.4-431108,,,,,,Gaia ID Candidate: F23 lists no counterpart; Chandra ID Candidate: F23 lists no counterpart
GS 1843+009,4278536022438800640,4278536022438800640,4278536022438800640,2CXO J184536.8+005147,2CXO J184536.8+005147,2CXO J184536.8+005147,,,,our counterparts agree with F23 and SIMBAD
GX 301-2,6054569565614460800,6054569565614460800,6054569565614460800,2CXO J122637.5-624613; 2CXO J122638.2-624610X,2CXO J122637.5-624613,2CXO J122637.5-624613,5XMM J122637.3-624615,,,XMM-Newton ID Candidate: F23 lists no counterpart
H 1417-624,5854175187710795136,5854175187710795136,5854175187710795136,2CXO J142112.1-624156,2CXO J142112.1-624156,2CXO J142112.1-624156,,,,our counterparts agree with F23 and SIMBAD
HD 119682,5864664975280537728,5864664975280537728,5864664975280537728,2CXO J134632.5-625523,2CXO J134632.5-625523,2CXO J134632.5-625523,5XMM J134632.6-625524,4XMM J134632.5-625524,4XMM J134632.5-625524; 3XMM J134632.5-625524,"XMM-Newton: redesignated between F23's 4XMM DR11 and our 5XMM-DR15, the two positions 0.48 arcsec apart"
HD 259440,3131822364779745536,131822364779745536,3131822364779745536,2CXO J063259.2+054801,,,5XMM J063259.2+054801,4XMM J063259.2+054801,4XMM J063259.2+054801; XMMU J063259.3+054801,"the F23 Gaia identifier does not exist in Gaia DR3, being ours with its leading digits lost; Chandra ID Candidate: F23 lists no counterpart"
HD 96670,5337747731560719616,5337747731560719616,5337747731560719616,2CXO J110713.9-595223,,,,,,Chandra ID Candidate: F23 lists no counterpart
IGR J00370+6122,427234969757165952,427234969757165952,427234969757165952,2CXO J003709.6+612136,,,5XMM J003709.7+612136,4XMM J003709.8+612136,4XMM J003709.8+612136,"Chandra ID Candidate: F23 lists no counterpart; XMM-Newton: redesignated between F23's 4XMM DR11 and our 5XMM-DR15, the two positions 1.03 arcsec apart"
IGR J01363+6610,519352324516039680,519352324516039680,519352324516039680,,,,5XMM J013549.8+661243,4XMM J013549.8+661243,4XMM J013549.8+661243; XMMU J013549.5+661243,our counterparts agree with F23 and SIMBAD
IGR J06074+2205,3423526544838563328,423526544838563328,3423526544838563328,2CXO J060726.6+220547,2CXO J060726.6+220547,2CXO J060726.6+220547,5XMM J060726.6+220546,4XMM J060726.5+220547,4XMM J060726.5+220547,"the F23 Gaia identifier does not exist in Gaia DR3, being ours with its leading digits lost; XMM-Newton: redesignated between F23's 4XMM DR11 and our 5XMM-DR15, the two positions 0.94 arcsec apart"
IGR J08262-3736,5541793213959987968,5541793213959987968,5541793213959987968,,,,5XMM J082613.6-373712,4XMM J082613.6-373711,4XMM J082613.6-373711,"XMM-Newton: redesignated between F23's 4XMM DR11 and our 5XMM-DR15, the two positions 0.50 arcsec apart"
IGR J10101-5654,5259009543533179648,5259009543533179648,5259009543533179648,2CXO J101011.8-565532,2CXO J101011.8-565532,2CXO J101011.8-565532,,,,our counterparts agree with F23 and SIMBAD
IGR J11215-5952,5339047221168787712,5339047221168787712,5339047221168787712,,,,5XMM J112146.7-595147,4XMM J112146.8-595147,4XMM J112146.8-595147,"XMM-Newton: redesignated between F23's 4XMM DR11 and our 5XMM-DR15, the two positions 0.37 arcsec apart"
IGR J11305-6256,5333660129603575808,5333660129603575808,5333660129603575808,2CXO J113106.9-625648; 2CXO J113106.9-625648X,2CXO J113106.9-625648,2CXO J113106.9-625648,,,,our counterparts agree with F23 and SIMBAD
IGR J11435-6109,5335021664274920576,5335021664274920576,5335021664274920576,2CXO J114400.3-610736,2CXO J114400.3-610736,2CXO J114400.3-610736,,,,our counterparts agree with F23 and SIMBAD
IGR J13020-6359,5862285700835092352,5862285700835092352,5862285700835092352,,,,5XMM J130158.7-635809; 5XMM J130159.6-635804,4XMM J130158.7-635808,4XMM J130158.7-635808; 2XMM J130158.7-635808,"XMM-Newton: redesignated between F23's 4XMM DR11 and our 5XMM-DR15, the two positions 0.70 arcsec apart"
IGR J13186-6257,5862260304669853056,5862260304669853056,,2CXO J131825.0-625815,2CXO J131825.0-625815,,,,,"SIMBAD lists no Gaia DR3 identifier; kept by decision: a source F23 reports that the cross-match rejects, dM2 = 753 (threshold 9.21)"
IGR J14331-6112,5878377736381364608,5878377736381364608,5878377736381364608,2CXO J143308.3-611540,2CXO J143308.3-611540,2CXO J143308.3-611540; CXO J143308.3-611539,,,,our counterparts agree with F23 and SIMBAD
IGR J16195-4945,5935509395659726592,5935509395659726592,5935509395659726592,2CXO J161932.2-494430,2CXO J161932.2-494430,2CXO J161932.2-494430,,,,our counterparts agree with F23 and SIMBAD
IGR J16207-5129,5934776158877214848,5934776158877214848,5934776158877214848,2CXO J162046.2-513006; 2CXO J162046.2-513004X,2CXO J162046.2-513006,2CXO J162046.2-513006,,4XMM J162046.2-513005,4XMM J162046.2-513005,our counterparts agree with F23 and SIMBAD
IGR J16318-4848,5940777877435137024,5940777877435137024,5940777877435137024,,,,5XMM J163148.3-484900; 5XMM J163148.7-484904,4XMM J163148.3-484900,4XMM J163148.3-484900; 2XMM J163148.2-484900,"XMM-Newton: redesignated between F23's 4XMM DR11 and our 5XMM-DR15, the two positions 0.34 arcsec apart"
IGR J16328-4726,5941324334694123008,5941324334694123008,,,,,5XMM J163237.7-472342; 5XMM J163238.7-472355,4XMM J163237.8-472341,,"SIMBAD lists no Gaia DR3 identifier; XMM-Newton: redesignated between F23's 4XMM DR11 and our 5XMM-DR15, the two positions 0.72 arcsec apart"
IGR J16465-4507,5943246345430928512,5943246345430928512,5943246345430928512,,,,5XMM J164635.2-450705,4XMM J164635.2-450706,4XMM J164635.2-450706,"XMM-Newton: redesignated between F23's 4XMM DR11 and our 5XMM-DR15, the two positions 1.29 arcsec apart"
IGR J17354-3255,4054559284753424000,4054559284753424000,4054559284753424000,2CXO J173527.5-325554,2CXO J173527.5-325554,2CXO J173527.5-325554,5XMM J173527.5-325553,4XMM J173527.4-325554,4XMM J173527.4-325554,"XMM-Newton: redesignated between F23's 4XMM DR11 and our 5XMM-DR15, the two positions 0.96 arcsec apart"
IGR J17544-2619,4063908810076415872,4063908810076415872,4063908810076415872,2CXO J175425.3-261951X; 2CXO J175425.2-261952,2CXO J175425.2-261952,2CXO J175425.2-261952,5XMM J175425.3-261954,4XMM J175425.2-261952,2XMM J175425.4-261952; 4XMM J175425.2-261952,"XMM-Newton: redesignated between F23's 4XMM DR11 and our 5XMM-DR15, the two positions 1.68 arcsec apart"
IGR J18027-2016,4070968778561141760,4070968778561141760,4070968778561141760,,,,5XMM J180241.9-201717,4XMM J180241.9-201717,4XMM J180241.9-201717,our counterparts agree with F23 and SIMBAD
IGR J18214-1318,4152643113595580416,4152643113595580416,4152643113595580416,2CXO J182119.7-131838,2CXO J182119.7-131838,2CXO J182119.7-131838,5XMM J182119.7-131840,4XMM J182119.7-131840,4XMM J182119.7-131840,our counterparts agree with F23 and SIMBAD
IGR J18256-1035,4154264171696059520,4154264171696059520,,2CXO J182543.8-103501,,,,,,SIMBAD lists no Gaia DR3 identifier; Chandra ID Candidate: F23 lists no counterpart
IGR J18450-0435,4258160560148155648,4258160560148155648,4258160560148155648,2CXO J184501.5-043356,2CXO J184501.5-043356,2CXO J184501.5-043356,5XMM J184501.6-043357,4XMM J184501.5-043356,4XMM J184501.5-043356,"XMM-Newton: redesignated between F23's 4XMM DR11 and our 5XMM-DR15, the two positions 1.34 arcsec apart"
IGR J18462-0223,4259088994647732864,4259088994647732864,4259088994635370752,,,,5XMM J184612.8-022228,4XMM J184612.7-022228,,"SIMBAD names a different Gaia source, 3.28 arcsec away; XMM-Newton: redesignated between F23's 4XMM DR11 and our 5XMM-DR15, the two positions 0.40 arcsec apart"
IGR J18483-0311,4258428501693172736,4258428501693172736,4258428501693172736,2CXO J184817.1-031016,2CXO J184817.1-031016,2CXO J184817.1-031016,5XMM J184817.3-031017,4XMM J184817.2-031016,4XMM J184817.2-031016,"XMM-Newton: redesignated between F23's 4XMM DR11 and our 5XMM-DR15, the two positions 1.75 arcsec apart; also in F24, the LMXB catalogue, as EXO 1846-031; kept as a HMXB, the literature confirming it, and the duplicate F24 entry removed instead"
IGR J19140+0951,4309253392325650176,4309253392325650176,4309253392325650176,2CXO J191404.2+095258X; 2CXO J191404.2+095258,2CXO J191404.2+095258X,2CXO J191404.2+095258X,5XMM J191404.2+095258,4XMM J191404.2+095258,4XMM J191404.2+095258,our counterparts agree with F23 and SIMBAD
IGR J19294+1816,4323316622779495680,4323316622779495680,4323316622779495680,2CXO J192955.8+181837,,,5XMM J192955.9+181837,,,Chandra ID Candidate: F23 lists no counterpart; XMM-Newton ID Candidate: F23 lists no counterpart
IGR J19498+2534,2026914849346539008,2026914849346539008,2026914849346539008,2CXO J194955.4+253359,,,,4XMM J194955.4+253359,4XMM J194955.4+253359,Chandra ID Candidate: F23 lists no counterpart
IGR J21347+4737,1978365123143522176,1978365123143522176,1978365123143522176,,,,5XMM J213420.2+473801,4XMM J213420.3+473800,,"XMM-Newton: redesignated between F23's 4XMM DR11 and our 5XMM-DR15, the two positions 2.27 arcsec apart; also in F24, the LMXB catalogue, as V* V1727 Cyg; kept in the HMXB sample as 'Ambiguous'"
KS 1947+300,2031939548802102656,2031939548802102656,2031939548802102656,2CXO J194935.4+301231,2CXO J194935.4+301231,2CXO J194935.4+301231,5XMM J194935.5+301230,,,XMM-Newton ID Candidate: F23 lists no counterpart
LS 5039,4104196427943626624,4104196427943626624,4104196427943626624,2CXO J182615.0-145055,2CXO J182615.0-145055,2CXO J182615.0-145055,5XMM J182615.1-145053,4XMM J182615.0-145054,4XMM J182615.0-145054; 2XMM J182615.0-145053,"XMM-Newton: redesignated between F23's 4XMM DR11 and our 5XMM-DR15, the two positions 1.14 arcsec apart"
LS I+61 303,465645515129855872,465645515129855872,465645515129855872,2CXO J024031.6+611345,2CXO J024031.6+611345,2CXO J024031.6+611345,5XMM J024031.7+611345,4XMM J024031.6+611345,4XMM J024031.6+611345; 2XMM J024031.6+611345,"XMM-Newton: redesignated between F23's 4XMM DR11 and our 5XMM-DR15, the two positions 0.31 arcsec apart"
MWC 656,1982359580155628160,1982359580155628160,1982359580155628160,2CXO J224257.2+444318,,,5XMM J224257.2+444316,,,Chandra ID Candidate: F23 lists no counterpart; XMM-Newton ID Candidate: F23 lists no counterpart
PSR B1259-63,5862299960127967488,5862299960127967488,5862299960127967488,2CXO J130247.6-635008,2CXO J130247.6-635008,2CXO J130247.6-635008,5XMM J130247.6-635009,4XMM J130247.6-635008,4XMM J130247.6-635008; 2XMM J130247.6-635008,"XMM-Newton: redesignated between F23's 4XMM DR11 and our 5XMM-DR15, the two positions 0.62 arcsec apart"
RX J0146.9+6121,511220031584305536,511220031584305536,511220031584305536,,,,5XMM J014700.2+612123,4XMM J014700.2+612123,4XMM J014700.2+612123; 2XMM J014700.1+612124,our counterparts agree with F23 and SIMBAD
RX J0440.9+4431,252878401557369088,252878401557369088,252878401557369088,,,,5XMM J044059.2+443149,4XMM J044059.1+443149,4XMM J044059.1+443149,"XMM-Newton: redesignated between F23's 4XMM DR11 and our 5XMM-DR15, the two positions 0.41 arcsec apart"
RX J0812.4-3114,5548261400354128768,5548261400354128768,5548261400354128768,2CXO J081228.3-311452,2CXO J081228.3-311452,2CXO J081228.3-311452,,4XMM J081228.3-311452,4XMM J081228.3-311452,our counterparts agree with F23 and SIMBAD
RX J1744.7-2713,4060784345959549184,4060784345959549184,4060784345959549184,2CXO J174445.7-271344,2CXO J174445.7-271344,2CXO J174445.7-271344,,4XMM J174445.6-271344,4XMM J174445.6-271344,our counterparts agree with F23 and SIMBAD
RX J2030.5+4751,2083644392294059520,2083644392294059520,2083644392294059520,,,,5XMM J203030.6+475149,4XMM J203030.7+475150,4XMM J203030.7+475150,"XMM-Newton: redesignated between F23's 4XMM DR11 and our 5XMM-DR15, the two positions 1.72 arcsec apart"
SAX J0635.2+0533,3131755947406031104,131755947406031104,3131755947406031104,,,,5XMM J063518.3+053306,4XMM J063518.2+053306,4XMM J063518.2+053306,"the F23 Gaia identifier does not exist in Gaia DR3, being ours with its leading digits lost; XMM-Newton: redesignated between F23's 4XMM DR11 and our 5XMM-DR15, the two positions 0.45 arcsec apart"
SAX J1818.6-1703,4097365235226829312,4097365235226829312,4097365235226829312,2CXO J181837.9-170248,2CXO J181837.9-170248,CXO J181837.8-170248; 2CXO J181837.9-170248,,4XMM J181837.7-170247,4XMM J181837.7-170247,our counterparts agree with F23 and SIMBAD
SAX J1819.3-2525,4053096388919082368,4053096388919082368,4053096388919082368,2CXO J181921.6-252425,2CXO J181921.6-252425,2CXO J181921.6-252425,5XMM J181921.6-252424,,,"XMM-Newton ID Candidate: F23 lists no counterpart; also in F24, the LMXB catalogue, as V* V4641 Sgr; kept in the HMXB sample as 'Ambiguous'"
SAX J2103.5+4545,2162805896614571904,2162805896614571904,2162805896614571904,2CXO J210335.6+454505,2CXO J210335.6+454505,2CXO J210335.6+454505,,,,our counterparts agree with F23 and SIMBAD
SAX J2239.3+6116,2201091578667140352,2201091578667140352,2201091578667140352,2CXO J223920.8+611626,2CXO J223920.8+611626,2CXO J223920.8+611626,,,,our counterparts agree with F23 and SIMBAD
SGR 0755-2933,5597252305589385984,5597252305589385984,5597252305589385984,2CXO J075542.4-293353,2SXPS J075542.5-293353,,,,,the F23 Chandra entry is not a CSC designation (2SXPS J075542.5-293353)
SNR 021.5-00.9,4155023796790984064,4155023796790984064,,2CXO J183328.3-102408,2CXO J183328.3-102408,,5XMM J183328.2-102408,4XMM J183328.3-102408,,"SIMBAD lists no Gaia DR3 identifier; XMM-Newton: redesignated between F23's 4XMM DR11 and our 5XMM-DR15, the two positions 0.43 arcsec apart"
SS 433,4293406612283985024,4293406612283985024,4293406612283985024,2CXO J191149.5+045857,2CXO J191149.5+045857,2CXO J191149.5+045857,5XMM J191149.6+045857,4XMM J191149.5+045857,4XMM J191149.5+045857; 2XMM J191149.5+045858,"XMM-Newton: redesignated between F23's 4XMM DR11 and our 5XMM-DR15, the two positions 0.45 arcsec apart"
Swift J0243.6+6124,465628193526364416,465628193526364416,465628193526364416,,,,5XMM J024340.6+612603,4XMM J024340.4+612602,4XMM J024340.4+612602,"XMM-Newton: redesignated between F23's 4XMM DR11 and our 5XMM-DR15, the two positions 2.14 arcsec apart"
V 0332+53,444752973131169664,444752973131169664,444752973131169664,2CXO J033459.9+531023,2CXO J033459.9+531023,2CXO J033459.9+531023,5XMM J033459.8+531022,4XMM J033459.8+531022,4XMM J033459.8+531022,our counterparts agree with F23 and SIMBAD
Vela X-1,5620657678322625920,5620657678322625920,5620657678322625920,,,,5XMM J090206.8-403316,4XMM J090206.9-403316,4XMM J090206.9-403316,"XMM-Newton: redesignated between F23's 4XMM DR11 and our 5XMM-DR15, the two positions 0.80 arcsec apart"
X Per,168450545792009600,168450545792009600,168450545792009600,2CXO J035523.1+310244X,2CXO J035523.1+310244X,2CXO J035523.1+310244X,5XMM J035523.0+310245,4XMM J035522.9+310244,4XMM J035522.9+310244,"XMM-Newton: redesignated between F23's 4XMM DR11 and our 5XMM-DR15, the two positions 0.45 arcsec apart"
XTE J0421+560,276644757710014976,276644757710014976,276644757710014976,,,,5XMM J041942.1+555957,4XMM J041942.1+555957,4XMM J041942.1+555957; 2XMM J041942.1+555957,our counterparts agree with F23 and SIMBAD
XTE J1739-302,4056922105185686784,4056922105185686784,4056922105185686784,2CXO J173911.5-302037,2CXO J173911.5-302037,2CXO J173911.5-302037,,4XMM J173911.5-302037,4XMM J173911.5-302037; 2XMM J173911.5-302036,our counterparts agree with F23 and SIMBAD
XTE J1855-026,4255891924062617088,4255891924062617088,4255891924062617088,,,,5XMM J185530.3-023617,,,XMM-Newton ID Candidate: F23 lists no counterpart
XTE J1906+090,4310649153642824320,4310649153642824320,4310649153642824320,2CXO J190447.4+090241,2CXO J190447.4+090241,2CXO J190447.4+090241,,,,our counterparts agree with F23 and SIMBAD
XTE J1946+274,2028089540103670144,2028089540103670144,2028089540103670144,2CXO J194539.3+272155,2CXO J194539.3+272155,2CXO J194539.3+272155,,,,our counterparts agree with F23 and SIMBAD
