ID,SIMBAD,SIMBAD_DR2,Chandra_simbad,XMM_simbad
1A 0535+262,3441207615229815040,3441207615229815040,2CXO J053854.5+261856,4XMM J053854.5+261857
1A 1118-615,5336957010898124160,5336957010898124160,2CXO J112057.1-615500,
1E 1145.1-6141,5334851450481641088,5334851450481641088,,4XMM J114728.5-615713
1FGL J1018.6-5856,5255509901121774976,5255509901121774976,2CXO J101855.6-585645,XMMU J101855.4-585645; 4XMM J101855.5-585646
1H 1249-637,6055103928246312960,6055103928246312960,,4XMM J124250.3-630330; 2XMM J124250.4-630330
1H 1555-552,5884544931471259136,5884544931471259136,,
1H 2202+501,1979911002134040960,1979911002134040960,,
1RXS J194211.9+255552,2021785421455305344,2021785421455305344,,
2E 1145.5-6155,5334823859608495104,5334823859608495104,2CXO J114800.0-621224,
2MASS J22535512+6243368,2207277877757956352,2207277877757956352,CXOU J225355.1+624337; 2CXO J225355.0+624337; CXOU J225355.1+624336,4XMM J225355.0+624336
2S 0114+650,524924310153249920,524924310153249920,,4XMM J011802.6+651731
3A 0656-072,3052677318793446016,3052677318793446016,,
3A 0726-260,5613494119551805184,5613494119544761088,2CXO J072853.5-260629,
4U 0115+634,524677469790488960,524677469790488960,,4XMM J011831.9+634433
4U 1538-522,5886085557746480000,5886085557746480000,2CXO J154223.3-522309,4XMM J154223.3-522309
4U 1700-377,5976382915813535232,5976382915813535232,,2XMM J170356.7-375037; 4XMM J170356.7-375038
4U 1901+03,4268774695647764352,4268774695647764352,,
4U 1907+097,4309225217336729088,4309225217336729088,,4XMM J190938.0+094947
4U 1909+07,4306419980916246656,4306419980916246656,,
4U 1954+319,2034031438383765760,2034031438383765760,2CXO J195542.3+320549,
4U 2206+543,2005653524280214400,2005653524280214400,,4XMM J220756.2+543106
AAO+28  342,3431561565357225088,3431561565357225088,,
ATO J278.3657-10.5901,4155000844481174656,4155000844481174656,,1XMM J183327.7-103523; 2XMM J183327.7-103523; 3XMM J183327.7-103524
AX J1700-419,5966358530819164544,,2CXO J170004.3-415805,4XMM J170004.5-415809
AX J1714.1-3912,5972298848613586048,5972298848613586048,CXOU J171343.9-391205,4XMM J171343.9-391206
AX J1838.0-0655,,,,
AX J1841.0-0536,4256500538116700160,4256500538116700160,,
Cen X-3,5337498593446516480,5337498593446516480,2CXO J112115.1-603725,4XMM J112115.0-603725
Cep X-4,2178178409188167296,2178178409188167296,2CXO J213930.6+565910,
Cir X-1,5883218164517055488,,2CXO J152040.8-571000,4XMM J152040.8-571000
Cyg X-1,2059383668236814720,2059383668236814720,,
EM* AS   14,414196617287885312,414196617287885312,,4XMM J011558.9+590913; 2XMM J011559.0+590914
EXMS B1210-645,6053076566300433920,6053076566300433920,,
EXO 051910+3737.7,184497471323752064,184497471323752064,,
EXO 2030+375,2063791369815322752,2063791369815322752,,4XMM J203215.2+373815
GRO J1008-57,5258414192353423360,5258414192353423360,2CXO J100946.9-581736,
GRO J2058+42,2065653598916388352,2065653598916388352,CXOU J205847.5+414637,
GRS 1736-297,,,,
GS 0834-430,5523448270462666880,5523448270462666880,,
GS 1839-06,,,,
GS 1843+009,4278536022438800640,4278536022438800640,2CXO J184536.8+005147,
GX 301-2,6054569565614460800,6054569565614460800,2CXO J122637.5-624613,
GX 304-1,5863533199843070208,5863533199843070208,,
H 1417-624,5854175187710795136,,2CXO J142112.1-624156,
H 1553-542,5884711610544522112,,2CXO J155748.3-542453,
HD 119682,5864664975280537728,5864664975280537728,2CXO J134632.5-625523,4XMM J134632.5-625524; 3XMM J134632.5-625524
HD 259440,3131822364779745536,3131822364779745536,,4XMM J063259.2+054801; XMMU J063259.3+054801
HD 96670,5337747731560719616,5337747731560719616,,
IGR J00370+6122,427234969757165952,427234969757165952,,4XMM J003709.8+612136
IGR J01363+6610,519352324516039680,519352324516039680,,4XMM J013549.8+661243; XMMU J013549.5+661243
IGR J01583+6713,518990967445248256,518990967445248256,,
IGR J06074+2205,3423526544838563328,3423526544838563328,2CXO J060726.6+220547; CXOU J060726.6+220547,4XMM J060726.5+220547
IGR J08262-3736,5541793213959987968,5541793213959987968,,4XMM J082613.6-373711
IGR J10101-5654,5259009543533179648,5259009543533179648,2CXO J101011.8-565532; CXOU J101011.8-565532,
IGR J11215-5952,5339047221168787712,5339047221168787712,,4XMM J112146.8-595147
IGR J11305-6256,5333660129603575808,5333660129603575808,2CXO J113106.9-625648; CXOU J113106.9-625648,
IGR J11435-6109,5335021664274920576,5335021664274920576,2CXO J114400.3-610736; CXOU J114400.3-610736,
IGR J12341-6143,,,,
IGR J13020-6359,5862285700835092352,5862285700835092352,CXOU J130158.6-635807,4XMM J130158.7-635808; 2XMM J130158.7-635808
IGR J13186-6257,,,CXOU J131825.0-625815,
IGR J14331-6112,5878377736381364608,5878377736381364608,2CXO J143308.3-611540; CXO J143308.3-611539,
IGR J16195-4945,5935509395659726592,5935509395659726592,2CXO J161932.2-494430; CXOU J161932.2-494430,
IGR J16207-5129,5934776158877214848,5934776158877214848,2CXO J162046.2-513006; CXOU J162046.2-513006,4XMM J162046.2-513005
IGR J16318-4848,5940777877435137024,5940777877435137024,,4XMM J163148.3-484900; 2XMM J163148.2-484900
IGR J16327-4940,5940576971716473344,5940576971716473344,,
IGR J16328-4726,,,,
IGR J16374-5043,5940285090050544512,,,
IGR J16465-4507,5943246345430928512,5943246345430928512,,4XMM J164635.2-450706
IGR J17354-3255,4054559284753424000,4054559284753424000,2CXO J173527.5-325554; CXOU J173527.5-325554,4XMM J173527.4-325554
IGR J17544-2619,4063908810076415872,4063908810076415872,2CXO J175425.2-261952,2XMM J175425.4-261952; 4XMM J175425.2-261952
IGR J18027-2016,4070968778561141760,4070968778561141760,,4XMM J180241.9-201717
IGR J18214-1318,4152643113595580416,4152643113595580416,2CXO J182119.7-131838; CXOU J182119.7-131838,4XMM J182119.7-131840
IGR J18256-1035,,,CXOU J182543.8-103501,
IGR J18450-0435,4258160560148155648,4258160560148155648,2CXO J184501.5-043356,4XMM J184501.5-043356
IGR J18462-0223,4259088994635370752,,,
IGR J18483-0311,4258428501693172736,4258428501693172736,2CXO J184817.1-031016,4XMM J184817.2-031016
IGR J19113+1533,4512787627579740032,4512787627579740032,,
IGR J19140+0951,4309253392325650176,4309253392325650176,2CXO J191404.2+095258X,4XMM J191404.2+095258
IGR J19149+1036,,,,
IGR J19294+1816,4323316622779495680,4323316622779495680,,
IGR J19498+2534,2026914849346539008,2026914849346539008,,4XMM J194955.4+253359
IGR J20006+3210,2033989790047905024,2033989790047905024,,
IGR J21347+4737,1978365123143522176,1978365123143522176,,
KS 1947+300,2031939548802102656,2031939548802102656,2CXO J194935.4+301231,
LS 5039,4104196427943626624,4104196427943626624,2CXO J182615.0-145055,4XMM J182615.0-145054; 2XMM J182615.0-145053
LS I+61 303,465645515129855872,465645515129855872,2CXO J024031.6+611345,4XMM J024031.6+611345; 2XMM J024031.6+611345
MWC 656,1982359580155628160,1982359580155628160,,
PSR B1259-63,5862299960127967488,5862299960127967488,2CXO J130247.6-635008,4XMM J130247.6-635008; 2XMM J130247.6-635008
RX J0146.9+6121,511220031584305536,511220031584305536,,4XMM J014700.2+612123; 2XMM J014700.1+612124
RX J0440.9+4431,252878401557369088,252878401557369088,,4XMM J044059.1+443149
RX J0812.4-3114,5548261400354128768,5548261400354128768,2CXO J081228.3-311452,4XMM J081228.3-311452
RX J1744.7-2713,4060784345959549184,4060784345959549184,2CXO J174445.7-271344,4XMM J174445.6-271344
RX J2030.5+4751,2083644392294059520,2083644392294059520,,4XMM J203030.7+475150
SAX J0635.2+0533,3131755947406031104,3131755947406031104,,4XMM J063518.2+053306
SAX J1818.6-1703,4097365235226829312,4097365235226829312,CXO J181837.8-170248; 2CXO J181837.9-170248,4XMM J181837.7-170247
SAX J1819.3-2525,4053096388919082368,4053096388919082368,2CXO J181921.6-252425,
SAX J2103.5+4545,2162805896614571904,2162805896614571904,2CXO J210335.6+454505,
SAX J2239.3+6116,2201091578667140352,2201091578667140352,2CXO J223920.8+611626,
SGR 0755-2933,5597252305589385984,5597252305589385984,,
SNR 021.5-00.9,,,,
SS 433,4293406612283985024,4293406612283985024,2CXO J191149.5+045857,4XMM J191149.5+045857; 2XMM J191149.5+045858
Swift J0243.6+6124,465628193526364416,465628193526364416,,4XMM J024340.4+612602
V 0332+53,444752973131169664,444752973131169664,2CXO J033459.9+531023,4XMM J033459.8+531022
Vela X-1,5620657678322625920,5620657678322625920,,4XMM J090206.9-403316
W63 X-1,2081690658900784896,,,
X Per,168450545792009600,168450545792009600,2CXO J035523.1+310244X,4XMM J035522.9+310244
XTE J0421+560,276644757710014976,276644757710014976,,4XMM J041942.1+555957; 2XMM J041942.1+555957
XTE J1543-568,,,,
XTE J1739-302,4056922105185686784,4056922105185686784,2CXO J173911.5-302037,4XMM J173911.5-302037; 2XMM J173911.5-302036
XTE J1855-026,4255891924062617088,4255891924062617088,,
XTE J1906+090,4310649153642824320,4310649149314811776,2CXO J190447.4+090241; CXOU J190447.4+090241,
XTE J1946+274,2028089540103670144,2028089540103670144,2CXO J194539.3+272155,
gam Cas,426558460884582016,426558460877467776,,4XMM J005642.4+604300
