srcid	n_spectra	chosen	our_nh	our_nh_lo	our_nh_hi	our_gamma	our_gamma_lo	our_gamma_hi	our_lg10flux	our_flux	our_iin	logz	xmm_nh	xmm_nh_lo	xmm_nh_hi	xmm_gamma	xmm_gamma_lo	xmm_gamma_hi	xmm_flux	xmm_iin	xmm_pvalue	xmm_dof	dof_match	note	traceback
3009282010100002	1	pn:0915391301:PN:13.64	2.45361e+22	2.0382e+22	3.01856e+22	1.30191	1.11898	1.53103	-11.8358	1.4596e-12		-341.18	2.49254e+22	2.04448e+22	3.05135e+22	1.30174	1.11174	1.54726	1.45613e-12	nan	0.312	814	0		
3012270010100009	1	pn:0122700201:PN:37.27	9.9116e+21	9.25944e+21	1.06298e+22	1.77642	1.69968	1.85321	-12.0192	9.56702e-13		-441.722	9.87427e+21	9.31209e+21	1.06034e+22	1.77884	1.70629	1.85202	9.56249e-13	nan	0.662	1041	0		
3012270010100011	1	MOS:0122700401:M1:27.27	9.20055e+21	8.16558e+21	1.02918e+22	1.52753	1.41738	1.63741	-12.0687	8.53627e-13		-316.342	9.23746e+21	8.12258e+21	1.03336e+22	1.52877	1.41537	1.63106	8.54227e-13	nan	0.297	800	0		
3014687010100002	1	MOS:0146870501:M2:8.66	1.46997e+22	1.06523e+22	2.01202e+22	1.93659	1.54977	2.37806	-12.5161	3.0475e-13		-90.1853	1.47221e+22	1.11087e+22	1.98965e+22	1.92221	1.57289	2.35743	3.04688e-13	nan	0.748	187	0		
3020120020100001	2	pn:0201200201:PN:27.90;MOS:0201200201:M2:22.74	3.26117e+21	2.97528e+21	3.56115e+21	1.455	1.39004	1.52177	-11.9464	1.13129e-12	0.924339	-751.356	3.26757e+21	2.98324e+21	3.5598e+21	1.45766	1.39732	1.5219	1.12664e-12	0.919199	0.422	1655	0		
3050332030100003	2	pn:0511010601:PN:34.03;MOS:0511010601:M1:27.11	1.21423e+22	1.14437e+22	1.29188e+22	1.0065	1.00154	1.01739	-11.4531	3.52257e-12	1.00123	-897.525	1.21254e+22	1.13804e+22	1.29281e+22	1.0073	1.00183	1.01784	3.5246e-12	0.99713	0.039	2034	0		
3050528010100001	1	MOS:0790180301:M2:16.15	1.04409e+22	9.66407e+21	1.12766e+22	2.95917	2.88904	2.98992	-12.8681	1.35503e-13		-199.389	1.04089e+22	9.6208e+21	1.11197e+22	2.95166	2.88684	2.98774	1.3532e-13	nan	0.04	434	0		
3050619010100001	2	pn:0506190101:PN:6.40;MOS:0506190101:M2:7.85	1.02344e+22	9.29161e+21	1.12123e+22	2.93262	2.83813	2.98289	-13.3086	4.9136e-14	1.13785	-374.742	1.02137e+22	9.35036e+21	1.11886e+22	2.93635	2.83823	2.98293	4.93342e-14	1.11297	0.337	851	0		
3060385010100002	2	pn:0603850101:PN:12.44;MOS:0603850101:M1:8.74	1.2555e+22	1.01401e+22	1.55776e+22	1.57804	1.37394	1.80235	-13.0018	9.95925e-14	1.14484	-194.37	1.26929e+22	1.02253e+22	1.56372e+22	1.59142	1.39025	1.8211	1.00185e-13	1.11741	0.682	379	0		
3060482030100046	1	pn:0604820301:PN:4.52	3.65855e+21	2.19136e+21	4.89269e+21	2.37322	1.85342	2.80127	-13.9781	1.05176e-14		-92.9376	3.82554e+21	2.24966e+21	5.02447e+21	2.41949	1.89087	2.77791	1.05676e-14	nan	0.91	197	0		
3072796120100002	1	pn:0853980601:PN:3.41	3.70895e+21	1.81756e+21	6.31295e+21	1.32666	1.09316	1.68159	-13.2891	5.13941e-14		-45.6083	3.40127e+21	1.68031e+21	5.89029e+21	1.30241	1.10327	1.64162	5.11652e-14	nan	0.782	73	0		
