obsid	name	pha	our_nh	our_gamma	our_flux	our_rstat	our_dof	csc_nh	csc_nh_lo	csc_nh_hi	csc_gamma	csc_gamma_lo	csc_gamma_hi	csc_flux	csc_rstat	retried	note
88	2CXO J112115.1-603725	acisf00088_001N027_r0216_pha3.fits.gz	80.4316	-0.434647	1.08948e-12	1.43643	111	67.15	52.13	83.99	-0.499	-0.621	-0.375	1.082e-12	1.438		
90	2CXO J154223.3-522309	acisf00090_001N027_r0075_pha3.fits.gz	26.5722	-0.462202	1.83125e-12	3.43083	118	24.3	17.54	31.49	-0.453	-0.553	-0.354	1.818e-12	3.369		
1554	2CXO J183327.7-103524	acisf01554_000N030_r0004_pha3.fits.gz	61.667	1.41394	2.92912e-13	0.697571	13	62.51	49.25	78.26	1.412	1.195	1.642	2.827e-13	0.726		
1716	2CXO J183328.3-102408	acisf01716_000N030_r0034_pha3.fits.gz	85.5362	1.57665	4.09732e-13	1.08632	12	77.14	57.98	100.1	1.448	1.201	1.715	4.028e-13	1.045		
1717	2CXO J183327.7-103524	acisf01717_000N030_r0003_pha3.fits.gz	141.757	2.17013	2.693e-13	0.783066	9	135	105	172.3	2.032	1.681	2.433	2.53e-13	0.889		
1717	2CXO J183328.3-102408	acisf01717_000N030_r0034_pha3.fits.gz	78.4214	1.43076	4.44276e-13	1.32043	12	92.95	70.24	120	1.584	1.296	1.898	4.144e-13	1.117		
1718	2CXO J183327.7-103524	acisf01718_000N030_r0003_pha3.fits.gz	81.1425	1.46185	3.12626e-13	0.510318	10	82.37	64.48	103	1.453	1.174	1.751	2.97e-13	0.532		
1719	2CXO J183328.3-102408	acisf01719_000N030_r0004_pha3.fits.gz	85.2167	1.58897	4.14781e-13	0.770366	13	78.23	58.64	102.4	1.499	1.263	1.756	4.044e-13	0.797		
1720	2CXO J183328.3-102408	acisf01720_000N030_r0013_pha3.fits.gz	67.4242	1.43682	3.35026e-13	1.06707	10	60.52	40.05	85.86	1.347	1.06	1.655	3.206e-13	0.923		
1721	2CXO J183327.7-103524	acisf01721_000N030_r0001_pha3.fits.gz	79.2665	1.63948	2.97032e-13	1.21582	8	80.56	56.23	111	1.646	1.346	1.973	2.754e-13	1.294		
1721	2CXO J183328.3-102408	acisf01721_000N030_r0007_pha3.fits.gz	77.4958	1.67734	3.99547e-13	1.16225	12	79.04	56.43	108.1	1.694	1.417	2.007	3.725e-13	1.149		
1722	2CXO J183327.7-103524	acisf01722_000N030_r0001_pha3.fits.gz	85.0666	1.78926	2.47147e-13	1.35212	7	74.28	50.5	101.9	1.589	1.258	1.945	2.451e-13	1.303		
1722	2CXO J183328.3-102408	acisf01722_000N030_r0007_pha3.fits.gz	50.7559	1.07265	4.52372e-13	0.702411	11	51.89	33.07	74.92	1.136	0.88	1.413	4.204e-13	0.546	moncar	
1724	2CXO J183328.3-102408	acisf01724_000N030_r0013_pha3.fits.gz	62.3992	1.4878	4.60982e-13	0.793203	14	67.56	52.9	84.61	1.629	1.415	1.859	4.209e-13	0.848		
1725	2CXO J183327.7-103524	acisf01725_000N030_r0001_pha3.fits.gz	72.5988	1.40903	3.83927e-13	1.06255	10	82.52	60.98	107.8	1.471	1.2	1.764	3.608e-13	1.063		
1725	2CXO J183328.3-102408	acisf01725_000N030_r0007_pha3.fits.gz	99.2617	1.53824	4.97082e-13	1.04746	14	90.16	60.67	128.7	1.448	1.168	1.769	4.665e-13	1.256		
1726	2CXO J183327.7-103524	acisf01726_000N030_r0001_pha3.fits.gz	113.002	1.72072	3.16221e-13	0.770319	8	113.8	85.48	145.8	1.727	1.388	2.088	2.938e-13	0.75		
1726	2CXO J183328.3-102408	acisf01726_000N030_r0007_pha3.fits.gz	55.3051	1.18838	4.4408e-13	0.353492	11	52.16	33.97	74.89	1.174	0.935	1.434	4.206e-13	0.434		
1727	2CXO J183327.7-103524	acisf01727_000N030_r0012_pha3.fits.gz	88.4551	1.64361	2.73862e-13	2.04952	9	79.11	55.83	108.8	1.52	1.257	1.806	2.655e-13	1.982		
1728	2CXO J183327.7-103524	acisf01728_000N030_r0012_pha3.fits.gz	73.0255	1.51344	2.53972e-13	0.782266	7	67.93	45.26	94.72	1.422	1.095	1.776	2.435e-13	0.849		
1729	2CXO J183327.7-103524	acisf01729_000N030_r0012_pha3.fits.gz	53.3815	1.33106	2.60465e-13	0.643807	7	60.57	39.42	85.64	1.383	1.069	1.716	2.422e-13	1.089		
1769	2CXO J183327.7-103524	acisf01769_000N030_r0004_pha3.fits.gz	103.743	1.58353	3.14885e-13	1.05851	10	106.9	81.72	138.8	1.606	1.319	1.925	2.912e-13	1.086		
1770	2CXO J183327.7-103524	acisf01770_000N030_r0004_pha3.fits.gz	74.1748	1.7591	2.72767e-13	0.342649	10	80.44	65.64	98.01	1.874	1.637	2.132	2.526e-13	0.476		
1771	2CXO J183327.7-103524	acisf01771_000N030_r0004_pha3.fits.gz	59.8308	1.27877	2.55604e-13	0.723316	8	62.03	44.68	82.88	1.256	0.988	1.542	2.452e-13	0.748		
1908	2CXO J173911.5-302037	acisf01908_000N027_r0001_pha3.fits.gz	467.268	0.621434	5.83312e-12	1.01122	62	453.2	394	521.8	0.604	0.398	0.82	5.6e-12	1.039	moncar	
2873	2CXO J183327.7-103524	acisf02873_001N030_r0159_pha3.fits.gz	81.3548	1.8596	1.54894e-13	0.621355	7	84.87	64.02	109.5	1.892	1.558	2.254	1.431e-13	0.568		
2873	2CXO J183328.3-102408	acisf02873_001N030_r0024_pha3.fits.gz	79.6635	1.62426	3.14799e-13	0.898495	10	84.59	62.2	111.7	1.704	1.42	2.014	2.884e-13	0.99		
3700	2CXO J183328.3-102408	acisf03700_001N030_r0024_pha3.fits.gz	85.7605	1.72726	3.66886e-13	1.28734	13	77.89	55.31	106.3	1.619	1.343	1.923	3.591e-13	0.84	moncar	
3790	2CXO J191149.5+045857	acisf03790_000N030_r0234_pha3.fits.gz	80.2047	1.27617	4.18675e-12	1.77519	394	84.52	82.68	86.43	1.291	1.265	1.317	4.178e-12	1.799		
3793	2CXO J190447.4+090241	acisf03793_000N026_r0028_pha3.fits.gz	279.471	1.31181	1.56327e-12	0.680701	51	274.3	242.6	309.4	1.305	1.123	1.495	1.518e-12	0.689		
3811	2CXO J122637.5-624613	acisf03811_000N027_r0006_pha3.fits.gz	1.84859	-5.34453	1.03786e-11	2.79601	41	431.4	265.5	639	-3.826	-3.866	-3.673	1.304e-11	2.392		
3819	2CXO J112057.1-615500	acisf03819_001N029_r0001_pha3.fits.gz	108.882	1.54167	2.7393e-12	1.01488	169	105.5	99.35	112	1.502	1.437	1.569	2.76e-12	1.013		
3820	2CXO J114800.0-621224	acisf03820_001N027_r0004_pha3.fits.gz	16.1899	0.828676	8.0698e-12	1.22051	363	16.51	15.36	17.68	0.832	0.809	0.856	8.084e-12	1.216		
4353	2CXO J183328.3-102408	acisf04353_001N030_r0089_pha3.fits.gz	81.9438	1.1386	6.64046e-13	1.00502	20	64.7	48.58	83.55	0.926	0.73	1.131	6.565e-13	1.451		
4354	2CXO J183328.3-102408	acisf04354_000N030_r0003_pha3.fits.gz	62.6763	1.11303	4.91733e-13	1.19002	16	49.52	29.62	74.62	0.94	0.688	1.216	4.845e-13	1.192		
4355	2CXO J183328.3-102408	acisf04355_000N030_r0004_pha3.fits.gz	72.3517	1.41453	5.78208e-13	0.875982	19	71.98	54.39	92.92	1.375	1.126	1.643	5.517e-13	0.885		
4451	2CXO J181921.6-252425	acisf04451_000N028_r0026_pha3.fits.gz	0.00769276	0.539615	7.79421e-13	4.92508	43	8.235e-07		0.7168	0.708	0.619	0.76	7.048e-13	4.783		
4550	2CXO J175425.2-261952	acisf04550_001N028_r0112_pha3.fits.gz	111.485	0.48259	6.92517e-12	0.855956	328	112.3	106.2	118.6	0.488	0.437	0.539	6.921e-12	0.856		
4554	2CXO J134632.5-625523	acisf04554_000N027_r0011_pha3.fits.gz	22.6278	1.50138	8.23993e-13	0.91442	71	21.74	18.99	24.61	1.55	1.472	1.63	7.946e-13	0.976		
4590	2CXO J191404.2+095258	acisf04590_000N026_r0044_pha3.fits.gz	770.96	-0.167007	2.44928e-12	1.10995	96	778.6	656.8	913.3	-0.136	-0.411	0.154	2.295e-12	1.13		
4600	2CXO J182615.0-145055	acisf04600_001N026_r0002_pha3.fits.gz	74.0691	1.4806	7.95514e-12	0.88021	221	73.15	69.53	76.94	1.474	1.424	1.526	7.951e-12	0.86		
5166	2CXO J183328.3-102408	acisf05166_001N030_r0034_pha3.fits.gz	74.7655	1.63251	2.8347e-13	1.87777	11	57.79	39.9	80.03	1.35	1.115	1.604	2.987e-13	1.516	moncar	
5341	2CXO J182615.0-145055	acisf05341_001N026_r0002_pha3.fits.gz	67.0676	1.49504	4.78869e-12	0.95805	221	67.39	64.1	70.79	1.497	1.449	1.547	4.785e-12	0.952		
5471	2CXO J161932.2-494430	acisf05471_000N027_r0014_pha3.fits.gz	826.944	0.994121	8.9232e-13	0.619232	8	1023	696.4	1424	1.587	0.765	2.5	6.454e-13	0.521	moncar	
5472	2CXO J162046.2-513006	acisf05472_002N027_r0001_pha3.fits.gz	326.127	0.219986	2.45575e-12	0.890707	29	314	249.3	390.8	0.217	-0.059	0.507	2.289e-12	0.865	moncar	
6070	2CXO J183328.3-102408	acisf06070_000N030_r0015_pha3.fits.gz	43.6441	1.21222	2.517e-13	1.36983	7	42.73	20.34	70.91	1.195	0.888	1.53	2.389e-13	1.379		
6071	2CXO J183328.3-102408	acisf06071_000N030_r0034_pha3.fits.gz	66.7353	1.44129	2.43214e-13	1.38367	8	62.98	40.64	91.35	1.409	1.127	1.717	2.272e-13	1.402		
6259	2CXO J182615.0-145055	acisf06259_000N026_r0001_pha3.fits.gz	57.2936	0.923318	3.5664e-12	0.987068	74	56.83	50.39	63.99	0.931	0.84	1.025	3.529e-12	0.979		
6585	2CXO J024031.6+611345	acisf06585_000N027_r0028_pha3.fits.gz	57.8383	1.04306	1.90008e-12	1.37672	253	55.72	51.99	59.6	1.039	0.992	1.086	1.913e-12	1.207		
6654	2CXO J181837.9-170248	acisf06654_000N026_r0042_pha3.fits.gz	452.344	1.09135	2.64889e-12	1.32027	72	408.3	364.8	454.7	0.971	0.773	1.175	2.565e-12	1.189	moncar	
6740	2CXO J183328.3-102408	acisf06740_000N030_r0015_pha3.fits.gz	77.1805	1.60093	3.65995e-13	0.826523	13	87.75	66.93	111.4	1.637	1.373	1.918	3.434e-13	1.079		
6741	2CXO J183328.3-102408	acisf06741_000N030_r0034_pha3.fits.gz	124.729	1.96036	3.2761e-13	0.953451	12	114.5	90.56	142.5	1.827	1.555	2.122	3.213e-13	0.82		
7505	2CXO J184501.5-043356	acisf07505_000N028_r0015_pha3.fits.gz	1864.31	0.503272	3.17486e-12	1.17642	29	1325	851	1889	-0.326	-1.04	0.46	2.492e-12	1.108	moncar	
7519	2CXO J101011.8-565532	acisf07519_000N027_r0003_pha3.fits.gz	218.76	1.13762	8.78744e-13	0.566793	12	215.9	165.9	274.3	1.144	0.794	1.514	8.028e-13	0.643		
7520	2CXO J060726.6+220547	acisf07520_000N027_r0014_pha3.fits.gz	480.659	0.94685	1.16514e-12	1.9354	15	544	430.5	675.4	1.237	0.771	1.73	1.008e-12	1.974		
7522	2CXO J182543.8-103501	acisf07522_001N026_r0002_pha3.fits.gz	247.169	0.219385	1.18735e-12	1.70534	13	219.9	148.8	309.1	0.089	-0.269	0.473	1.103e-12	1.668		
7523	2CXO J114400.3-610736	acisf07523_000N027_r0003_pha3.fits.gz	1025.55	1.17041	1.70139e-12	1.33017	18	1084	870.7	1330	1.294	0.736	1.89	1.445e-12	1.304		
7527	2CXO J113106.9-625648	acisf07527_001N027_r0018_pha3.fits.gz	48.0516	-0.0235974	2.29389e-12	1.74875	33	48.84	33.98	65.19	0.066	-0.107	0.241	2.175e-12	1.663		
7561	2CXO J182119.7-131838	acisf07561_000N029_r0015_pha3.fits.gz	539.867	0.16405	3.95237e-12	1.23782	41	545.4	453.1	653.8	0.198	-0.103	0.519	3.66e-12	1.27	moncar	
8242	2CXO J053854.5+261856	acisf08242_001N029_r0187_pha3.fits.gz	34.3542	0.552076	2.75484e-12	1.41923	370	32.64	30.03	35.34	0.561	0.527	0.595	2.79e-12	1.067	moncar	
8273	2CXO J024031.6+611345	acisf08273_001N027_r0001_pha3.fits.gz	59.3306	1.62495	1.5842e-11	1.08499	368	59.26	57.45	61.11	1.624	1.599	1.649	1.586e-11	1.087		
8371	2CXO J183328.3-102408	acisf08371_000N030_r0007_pha3.fits.gz	41.5116	1.01488	2.62185e-13	1.31669	8	36.86	15.31	62.24	0.933	0.621	1.263	2.55e-13	1.458		
8647	2CXO J174445.7-271344	acisf08647_001N082_r0001_pha3.fits.gz	36.7189	1.66035	8.65308e-13	0.734439	7	34.72	19.54	52.97	1.688	1.416	1.986	8.116e-13	0.808		
9050	2CXO J173527.5-325554	acisf09050_000N027_r0012_pha3.fits.gz	433.504	0.331969	2.19114e-12	0.67207	22	476.6	375	598.3	0.45	0.098	0.822	1.989e-12	0.692	moncar	
9053	2CXO J143308.3-611540	acisf09053_000N027_r0001_pha3.fits.gz	134.713	0.154694	2.678e-12	1.36632	33	138.2	99.4	185.3	0.18	-0.059	0.438	2.499e-12	1.614		
9919	2CXO J225355.0+624337	acisf09919_000N028_r0223_pha3.fits.gz	175.618	1.31411	1.19333e-12	1.04726	74	177.6	156	201.7	1.301	1.163	1.446	1.172e-12	1.199		
9920	2CXO J225355.0+624337	acisf09920_000N028_r0192_pha3.fits.gz	155.316	1.21566	1.56289e-12	0.950857	117	157.7	142.7	173.9	1.226	1.109	1.349	1.542e-12	0.971		
10062	2CXO J152040.8-571000	acisf10062_000N029_r0539_pha3.fits.gz	176.554	0.237524	3.51727e-12	1.88419	393	183.1	176.6	189.8	0.239	0.198	0.28	3.512e-12	1.903		
10089	2CXO J130247.6-635008	acisf10089_000N020_r0009_pha3.fits.gz	29.4225	1.74156	8.57569e-13	1.20471	104	25.2	21.78	28.8	1.688	1.616	1.762	8.702e-13	1.069		
10696	2CXO J182615.0-145055	acisf10696_000N026_r0010_pha3.fits.gz	58.7694	1.4498	1.81155e-12	1.17461	213	56.43	52.74	60.28	1.439	1.389	1.491	1.827e-12	1.036		
10811	2CXO J225355.0+624337	acisf10811_000N028_r0223_pha3.fits.gz	183.591	1.41045	1.416e-12	0.836689	97	180.1	163.8	197.3	1.373	1.253	1.495	1.411e-12	0.839		
10812	2CXO J225355.0+624337	acisf10812_000N028_r0223_pha3.fits.gz	199.88	1.51959	1.17748e-12	1.13694	83	178.9	162.6	196.7	1.381	1.26	1.507	1.182e-12	1.094		
11831	2CXO J101855.6-585645	acisf11831_001N027_r0004_pha3.fits.gz	77.1105	1.47991	9.55467e-13	0.993292	37	74.11	62.87	86.78	1.527	1.388	1.673	9.149e-13	1.109		
12348	2CXO J181837.9-170248	acisf12348_000N026_r0365_pha3.fits.gz	2601.19	1.55656	1.42682e-12	0.957792	161	2604	2401	2819	1.554	1.26	1.858	1.341e-12	0.966		
14205	2CXO J130247.6-635008	acisf14205_000N020_r0009_pha3.fits.gz	26.9614	1.49317	1.5895e-12	0.95305	259	28.34	26.12	30.63	1.499	1.461	1.538	1.587e-12	0.953		
14206	2CXO J130247.6-635008	acisf14206_000N020_r0009_pha3.fits.gz	39.128	1.86534	8.88338e-13	1.4632	182	33.28	30.63	36.05	1.801	1.751	1.853	9.137e-13	1.013	moncar	
14635	2CXO J065814.5-071245	acisf14635_000N027_r0001_pha3.fits.gz	39.7616	4.8746	2.78725e-13	1.0444	14	40.63	31.58	51.42	4.944	4.438	5.584	2.698e-13	1.115		
14636	2CXO J072853.5-260629	acisf14636_000N028_r0001_pha3.fits.gz	60.31	0.5155	1.89623e-11	1.01013	235	60.1	55.53	64.92	0.516	0.465	0.568	1.895e-11	1.006		
14639	2CXO J100946.9-581736	acisf14639_001N027_r0001_pha3.fits.gz	142.661	1.11802	9.63554e-12	0.973769	142	146.1	134.5	158.5	1.14	1.053	1.231	9.564e-12	1.007		
14646	2CXO J194539.3+272155	acisf14646_000N026_r0002_pha3.fits.gz	87.7157	1.12327	5.31684e-13	1.12231	9	80.44	55.14	110.5	1.046	0.751	1.362	5.064e-13	1.086		
14647	2CXO J194935.4+301231	acisf14647_000N026_r0001_pha3.fits.gz	93.02	0.724138	1.68817e-12	1.2977	28	81.4	59.82	110.8	0.641	0.457	0.853	1.651e-12	1.367		
14649	2CXO J213930.6+565910	acisf14649_000N026_r0002_pha3.fits.gz	81.005	1.32668	6.0819e-13	0.753077	10	85.43	60.29	117.7	1.395	1.11	1.713	5.597e-13	0.769		
14655	2CXO J191149.5+045857	acisf14655_000N030_r0234_pha3.fits.gz	57.34	0.679821	2.41178e-11	2.67988	424	61.1	59.59	62.63	0.694	0.673	0.715	2.407e-11	2.744		
14657	2CXO J101855.6-585645	acisf14657_000N027_r0016_pha3.fits.gz	83.4791	1.52604	9.76909e-13	1.05343	146	81.5	74.73	88.64	1.518	1.443	1.595	9.777e-13	1.036		
15780	2CXO J210335.6+454505	acisf15780_000N026_r0001_pha3.fits.gz	127.751	1.92569	1.99909e-13	1.59216	46	118.1	96.94	143.9	1.84	1.655	2.049	1.955e-13	1.642		
15801	2CXO J152040.8-571000	acisf15801_000N029_r0539_pha3.fits.gz	101.157	-0.33255	4.18798e-12	2.40743	403	106.7	102.2	111.4	-0.32	-0.352	-0.288	4.178e-12	2.436	moncar	
16560	2CXO J101855.6-585645	acisf16560_000N027_r0016_pha3.fits.gz	87.306	1.68188	6.9993e-13	0.814031	73	81.61	71.71	92.25	1.648	1.537	1.764	6.92e-13	0.833		
16563	2CXO J130247.6-635008	acisf16563_000N020_r0009_pha3.fits.gz	40.8855	1.51837	1.41534e-12	1.38269	159	34.1	30.28	38.11	1.446	1.388	1.506	1.445e-12	1.158		
16578	2CXO J152040.8-571000	acisf16578_000N029_r0539_pha3.fits.gz	160.321	0.338779	2.8092e-12	1.61699	318	156.8	147.8	166.2	0.279	0.219	0.341	2.832e-12	1.584		
16583	2CXO J130247.6-635008	acisf16583_000N020_r0009_pha3.fits.gz	43.9251	1.58951	1.58799e-12	1.03637	162	41.77	37.69	46.05	1.562	1.501	1.624	1.603e-12	0.956		
16822	2CXO J130247.6-635008	acisf16822_000N020_r0009_pha3.fits.gz	34.4089	1.60004	1.39467e-12	1.34062	239	31.77	29.19	34.46	1.58	1.54	1.622	1.424e-12	0.916	moncar	
16823	2CXO J130247.6-635008	acisf16823_000N020_r0009_pha3.fits.gz	36.4322	1.67767	9.35933e-13	1.19465	119	31.15	26.91	35.64	1.625	1.556	1.696	9.519e-13	1.042		
18087	2CXO J130158.6-635808	acisf18087_000N020_r0014_pha3.fits.gz	236.125	1.02969	1.18342e-11	1.07209	186	243.3	227.4	260	1.029	0.943	1.117	1.183e-11	1.03		
18087	2CXO J130247.6-635008	acisf18087_000N020_r0001_pha3.fits.gz	10.0274	1.66431	6.74347e-13	1.49934	27	7.652		18.17	1.657	1.49	1.834	6.652e-13	1.482		
18744	2CXO J130247.6-635008	acisf18744_000N020_r0009_pha3.fits.gz	38.4425	1.78604	9.54213e-13	0.911305	108	33.67	28.9	38.75	1.738	1.665	1.813	9.658e-13	0.795		
19280	2CXO J130247.6-635008	acisf19280_000N020_r0009_pha3.fits.gz	35.1811	1.96937	1.18918e-12	1.37963	200	31.62	28.75	34.62	1.942	1.894	1.992	1.221e-12	0.891	moncar	
19281	2CXO J130247.6-635008	acisf19281_000N020_r0009_pha3.fits.gz	33.2268	1.60319	1.65424e-12	1.12031	185	30.93	27.09	34.93	1.584	1.531	1.638	1.679e-12	0.932	moncar	
20054	2CXO J130247.6-635008	acisf20054_000N020_r0009_pha3.fits.gz	31.5487	1.69397	1.70608e-12	1.68175	265	30.78	28.07	33.55	1.698	1.659	1.738	1.744e-12	1.15	moncar	
20116	2CXO J130247.6-635008	acisf20116_000N020_r0009_pha3.fits.gz	22.7575	1.48506	1.59279e-12	1.0615	112	19.68	14.81	24.8	1.452	1.381	1.525	1.615e-12	1.027		
20197	2CXO J194955.4+253359	acisf20197_000N020_r0001_pha3.fits.gz	526.431	1.62082	9.98561e-13	1.01579	13	479.9	363.5	637.5	1.382	0.964	1.861	9.021e-13	0.973		
20269	2CXO J063259.2+054801	acisf20269_000N021_r0019_pha3.fits.gz	28.7167	1.40055	1.90283e-13	0.74172	23	25.16	13.48	38.22	1.399	1.23	1.575	1.872e-13	0.655		
20950	2CXO J063259.2+054801	acisf20950_000N021_r0019_pha3.fits.gz	32.7031	1.46407	1.60254e-13	1.22404	27	39.91	28.08	53.25	1.641	1.491	1.799	1.483e-13	1.468		
20974	2CXO J063259.2+054801	acisf20974_000N021_r0019_pha3.fits.gz	55.2891	1.50477	5.14058e-13	0.991646	59	54.94	45.76	64.89	1.516	1.402	1.635	5.093e-13	0.94		
20975	2CXO J063259.2+054801	acisf20975_000N021_r0019_pha3.fits.gz	30.7434	1.17974	3.7423e-13	0.919891	55	29.41	20.33	39.45	1.202	1.087	1.323	3.678e-13	0.947		
21245	2CXO J130247.6-635008	acisf21245_000N020_r0009_pha3.fits.gz	22.7919	1.52201	1.00979e-12	1.0353	118	19.65	14.9	24.65	1.501	1.431	1.571	1.022e-12	0.943		
21246	2CXO J130247.6-635008	acisf21246_000N020_r0009_pha3.fits.gz	35.1815	1.83133	8.08563e-13	1.17998	111	34.21	28.6	40.07	1.827	1.748	1.909	8.128e-13	1.119		
21247	2CXO J130247.6-635008	acisf21247_000N020_r0009_pha3.fits.gz	25.6682	1.83773	7.4409e-13	1.0886	97	20.82	15.18	26.83	1.79	1.708	1.874	7.584e-13	1.046		
21690	2CXO J192955.8+181837	acisf21690_000N020_r0021_pha3.fits.gz	321.448	0.909518	1.56819e-11	1.05462	377	333.4	322.2	344.9	0.919	0.875	0.963	1.564e-11	1.052		
22454	2CXO J075542.4-293353	acisf22454_000N020_r0037_pha3.fits.gz	82.3182	1.35042	1.29208e-12	1.2419	118	77.64	66.85	89.2	1.311	1.219	1.406	1.289e-12	1.241		
22693	2CXO J130247.6-635008	acisf22693_000N020_r0009_pha3.fits.gz	34.4782	1.85783	1.37982e-12	1.28577	179	30.21	25.75	34.86	1.815	1.757	1.874	1.418e-12	1.075		
22694	2CXO J130247.6-635008	acisf22694_000N020_r0002_pha3.fits.gz	42.8854	1.86185	1.89315e-12	1.5488	228	41.73	37.71	45.88	1.865	1.816	1.915	1.931e-12	1.158	moncar	
23437	2CXO J130247.6-635008	acisf23437_000N020_r0009_pha3.fits.gz	44.8802	1.58756	2.57191e-12	1.14558	193	43.36	38.12	48.81	1.582	1.523	1.641	2.603e-12	1		
23643	2CXO J110713.9-595223	acisf23643_001N020_r0001_pha3.fits.gz	0.893282	2.67848	6.36865e-13	1.41381	27	5.156e-06		2.807	2.735	2.632	2.843	6.266e-13	1.333		
24862	2CXO J130247.6-635008	acisf24862_000N020_r0009_pha3.fits.gz	43.9887	1.59726	2.27714e-12	1.15797	138	41.75	34.64	49.29	1.59	1.516	1.666	2.306e-12	1.037		
24905	2CXO J130247.6-635008	acisf24905_000N020_r0009_pha3.fits.gz	33.2501	1.50154	2.376e-12	1.02124	154	30.32	24.09	36.93	1.487	1.418	1.558	2.394e-12	0.972		
