srcid	obsid	srcnum	iauname
3009282010100002	0092820101	2	5XMM J130158.7-635809
3009282010100002	0092820201	1	5XMM J130158.7-635809
3009282010100002	0092820301	1	5XMM J130158.7-635809
3009282010100002	0092820801	1	5XMM J130158.7-635809
3009282010100002	0092821201	1	5XMM J130158.7-635809
3009282010100002	0201920101	1	5XMM J130158.7-635809
3009282010100002	0201920201	1	5XMM J130158.7-635809
3009282010100002	0201920301	2	5XMM J130158.7-635809
3009282010100002	0201920401	2	5XMM J130158.7-635809
3009282010100002	0201920501	2	5XMM J130158.7-635809
3009282010100002	0504550501	2	5XMM J130158.7-635809
3009282010100002	0504550601	2	5XMM J130158.7-635809
3009282010100002	0504550701	2	5XMM J130158.7-635809
3009282010100002	0653640401	2	5XMM J130158.7-635809
3009282010100002	0653640501	2	5XMM J130158.7-635809
3009282010100002	0653640601	2	5XMM J130158.7-635809
3009282010100002	0881420201	2	5XMM J130158.7-635809
3009282010100002	0881420301	2	5XMM J130158.7-635809
3009282010100002	0881420401	2	5XMM J130158.7-635809
3009282010100002	0915391301	2	5XMM J130158.7-635809
3012270010100009	0122700101	2	5XMM J183327.8-103524
3012270010100009	0122700201	2	5XMM J183327.8-103524
3012270010100009	0122700301	3	5XMM J183327.8-103524
3012270010100009	0122700401	5	5XMM J183327.8-103524
3012270010100009	0122700501	3	5XMM J183327.8-103524
3012270010100009	0122700801	5	5XMM J183327.8-103524
3012270010100009	0122701001	10	5XMM J183327.8-103524
3012270010100009	0804250201	3	5XMM J183327.8-103524
3012270010100009	0890200101	5	5XMM J183327.8-103524
3012270010100009	0890200201	8	5XMM J183327.8-103524
3012270010100009	0890200301	7	5XMM J183327.8-103524
3012270010100009	0890200501	9	5XMM J183327.8-103524
3012270010100009	0890200601	10	5XMM J183327.8-103524
3012270010100009	0890200801	5	5XMM J183327.8-103524
3012270010100011	0122700101	3	5XMM J183328.2-102408
3012270010100011	0122700401	2	5XMM J183328.2-102408
3012270010100011	0122700501	4	5XMM J183328.2-102408
3012270010100011	0122701001	3	5XMM J183328.2-102408
3012270010100011	0804250201	6	5XMM J183328.2-102408
3012270010100011	0890200101	3	5XMM J183328.2-102408
3012270010100011	0890200201	7	5XMM J183328.2-102408
3012270010100011	0890200301	5	5XMM J183328.2-102408
3012270010100011	0890200401	4	5XMM J183328.2-102408
3012270010100011	0890200501	2	5XMM J183328.2-102408
3012270010100011	0890200601	5	5XMM J183328.2-102408
3012270010100011	0890200901	2	5XMM J183328.2-102408
3014687010100002	0146870401	3	5XMM J063518.3+053306
3014687010100002	0146870501	1	5XMM J063518.3+053306
3014687010100002	0146871101	1	5XMM J063518.3+053306
3014687010100002	0146871301	1	5XMM J063518.3+053306
3020120020100001	0201200201	1	5XMM J203030.6+475149
3050332030100003	0503320301	2	5XMM J170004.2-415804
3050332030100003	0511010601	1	5XMM J170004.2-415804
3050528010100001	0505280101	2	5XMM J011831.9+634433
3050528010100001	0790180301	1	5XMM J011831.9+634433
3050528010100001	0804940201	1	5XMM J011831.9+634433
3050619010100001	0506190101	1	5XMM J033459.8+531022
3060385010100002	0603850101	2	5XMM J013549.8+661243
3060482030100046	0604820301	21	5XMM J184107.1-053453
3072796120100002	0853980601	1	5XMM J194935.5+301230
