ID,XM_XMM,SRCID,dM2_xray,xmm_ra,xmm_de,F23_XMM,F23_XMM_RA,F23_XMM_DE,XMM_simbad,Notes,XM=F23,XM=SIMBAD,sep_F23_XM
1A 0535+262,5XMM J053854.5+261857,3067418010100001,1.3668895613973546,84.72734070447545,26.316057271889047,4XMM J053854.5+261857,84.72737,26.315868,4XMM J053854.5+261857,"Gaia: XM=SIMBAD, F23 differs",yes,yes,0.6879053222698404
1E 1145.1-6141,5XMM J114728.6-615714,3084100010100001,1.8291516209426453,176.86941583296962,-61.95396285922151,4XMM J114728.5-615713,176.869022,-61.953732,4XMM J114728.5-615713,Gaia: XM=F23=SIMBAD,renamed,renamed,1.065412547743684
1FGL J1018.6-5856,5XMM J101855.5-585646,3060470010100001,0.23167169973165655,154.73134198621625,-58.94613017894636,4XMM J101855.5-585646,154.73161,-58.946143,XMMU J101855.4-585645; 4XMM J101855.5-585646,Gaia: XM=F23=SIMBAD,yes,yes,0.49984713565609223
1H 1249-637,5XMM J124250.2-630331,3010948010100001,0.13852104531518164,190.70951370950436,-63.05866053240619,4XMM J124250.3-630330,190.709612,-63.058576,4XMM J124250.3-630330; 2XMM J124250.4-630330,Gaia: XM=F23=SIMBAD,renamed,renamed,0.3439638473896913
2MASS J22535512+6243368,5XMM J225355.1+624337,3074398030100001,0.8687395921980581,343.4798002705716,62.727102904298626,4XMM J225355.0+624336,343.479539,62.726874,4XMM J225355.0+624336,Gaia: XM=F23=SIMBAD,renamed,renamed,0.9299615772841568
2S 0114+650,5XMM J011802.7+651729,3076465010100001,0.6061614770843505,19.511615349627558,65.29152322659206,4XMM J011802.6+651731,19.511153,65.291956,4XMM J011802.6+651731,Gaia: XM=F23=SIMBAD,renamed,renamed,1.7062736556055678
3A 0726-260,5XMM J072853.5-260629,3090128010100001,1.3669454404253827,112.22298251202226,-26.108186203066378,,,,,Gaia: XM=F23=SIMBAD,-,-,
4U 0115+634,5XMM J011831.9+634433,3050528010100001,0.020132118798151803,19.633240611707826,63.74255068454575,4XMM J011831.9+634433,19.633109,63.742706,4XMM J011831.9+634433,Gaia: XM=F23=SIMBAD,yes,yes,0.5971347002896608
4U 1538-522,5XMM J154223.3-522309,3015278020100001,0.1570057120047677,235.59722707277038,-52.38592541960826,4XMM J154223.3-522309,235.597399,-52.386009,4XMM J154223.3-522309,Gaia: XM=F23=SIMBAD,yes,yes,0.4829478935527313
4U 1700-377,5XMM J170357.6-375022,3008328010100004,3.7609016780719786,255.99009166809347,-37.83969721674329,4XMM J170356.7-375038,255.986597,-37.844118,2XMM J170356.7-375037; 4XMM J170356.7-375038,Gaia: XM=F23=SIMBAD,renamed,renamed,18.76135832369982
4U 1907+097,5XMM J190937.9+094947,3055541010100001,2.2548130769843673,287.4082032135008,9.829948018070864,4XMM J190938.0+094947,287.408419,9.829954,4XMM J190938.0+094947,Gaia: XM=F23=SIMBAD,renamed,renamed,0.7657294485930061
4U 1909+07,5XMM J191048.0+073551,3088485020100001,6.388104503004757,287.70025695697893,7.597554604661979,,,,,Gaia: XM=F23=SIMBAD,-,-,
4U 2206+543,5XMM J220756.2+543106,3065064010100001,0.11664463707038007,331.98431169499037,54.51851447219329,4XMM J220756.2+543106,331.984189,54.518425,4XMM J220756.2+543106,Gaia: XM=F23=SIMBAD,yes,yes,0.41167939158151595
ATO J278.3657-10.5901,5XMM J183327.8-103524,3012270010100009,1.105397261216124,278.36595286472283,-10.59005885578872,4XMM J183327.7-103524,278.365671,-10.590103,1XMM J183327.7-103523; 2XMM J183327.7-103523; 3XMM J183327.7-103524,Gaia: XM=F23=SIMBAD,renamed,renamed,1.0100104273800004
AX J1700-419,5XMM J170004.2-415804,3050332030100003,3.414679094995079,255.01760592087805,-41.96798001478326,4XMM J170004.5-415809,255.019005,-41.96921,4XMM J170004.5-415809,Gaia: XM=F23=SIMBAD,NO,NO,5.799179838784415
AX J1841.0-0536,5XMM J184107.1-053453,3060482030100046,1.183079793211841,280.27984448031367,-5.581500697427377,4XMM J184107.2-053454,280.280179,-5.581776,,"Gaia: XM=F23, SIMBAD differs",renamed,-,1.5552512062751918
Cen X-3,5XMM J112115.0-603724,3011101010100001,1.8501810351699886,170.31280266833946,-60.62344433223363,4XMM J112115.0-603725,170.312826,-60.623801,4XMM J112115.0-603725,Gaia: XM=F23=SIMBAD,renamed,renamed,1.284664873053283
Cir X-1,5XMM J152040.8-570959,3072956050100001,0.18271073775568972,230.1701928351745,-57.16663805637718,4XMM J152040.8-571000,230.170212,-57.166711,4XMM J152040.8-571000,Gaia: XM=F23=SIMBAD,renamed,renamed,0.2652481198445493
EM* AS   14,5XMM J011559.0+590914,3011220020100012,0.17100876119964623,18.996193995164948,59.15405114727107,4XMM J011558.9+590913,18.995724,59.153879,4XMM J011558.9+590913; 2XMM J011559.0+590914,Gaia: XM=F23=SIMBAD,renamed,yes,1.0661531495917218
EXO 2030+375,5XMM J203215.1+373815,3074524020100001,4.456138973067892,308.0630066616633,37.6375907685027,4XMM J203215.2+373815,308.063631,37.637519,4XMM J203215.2+373815,Gaia: XM=F23=SIMBAD,renamed,renamed,1.7985198052713816
GX 301-2,5XMM J122637.3-624615,3088090010100001,6.132172912594816,186.6557812937096,-62.770881438883784,,,,,Gaia: XM=F23=SIMBAD,-,-,
HD 119682,5XMM J134632.6-625524,3008794020100001,0.22828143249075758,206.63588782547436,-62.92332817664933,4XMM J134632.5-625524,206.635626,-62.92339,4XMM J134632.5-625524; 3XMM J134632.5-625524,Gaia: XM=F23=SIMBAD,renamed,renamed,0.4833337034892838
HD 259440,5XMM J063259.2+054801,3050520010100001,0.9234664801355547,98.24700480058114,5.8005330750457995,4XMM J063259.2+054801,98.246902,5.80036,4XMM J063259.2+054801; XMMU J063259.3+054801,"Gaia: XM=SIMBAD, F23 differs",yes,yes,0.723725276588292
IGR J00370+6122,5XMM J003709.7+612136,3050145010100001,0.7757569312706837,9.290580222422799,61.360151235242,4XMM J003709.8+612136,9.291179,61.360154,4XMM J003709.8+612136,Gaia: XM=F23=SIMBAD,renamed,renamed,1.0332317425593631
IGR J01363+6610,5XMM J013549.8+661243,3060385010100002,0.07774829977150936,23.957837904690262,66.21207592738331,4XMM J013549.8+661243,23.957712,66.212053,4XMM J013549.8+661243; XMMU J013549.5+661243,Gaia: XM=F23=SIMBAD,yes,yes,0.20059070549179003
IGR J06074+2205,5XMM J060726.6+220546,3079458130100001,1.3030783556711738,91.8610399903398,22.096357093462892,4XMM J060726.5+220547,91.860792,22.096484,4XMM J060726.5+220547,"Gaia: XM=SIMBAD, F23 differs",renamed,renamed,0.9449727038564045
IGR J08262-3736,5XMM J082613.6-373712,3065549030100001,0.46156696201438746,126.55705609001174,-37.62004029874198,4XMM J082613.6-373711,126.556898,-37.619982,4XMM J082613.6-373711,Gaia: XM=F23=SIMBAD,renamed,renamed,0.4972515824804803
IGR J11215-5952,5XMM J112146.7-595147,3040518190100001,0.12952002571119142,170.4449081919594,-59.86326406201434,4XMM J112146.8-595147,170.44507,-59.863327,4XMM J112146.8-595147,Gaia: XM=F23=SIMBAD,renamed,renamed,0.3699571324843538
IGR J13020-6359,5XMM J130158.7-635809,3009282010100002,0.17897875091615842,195.49478314215727,-63.9691895091282,4XMM J130158.7-635808,195.494631,-63.969006,4XMM J130158.7-635808; 2XMM J130158.7-635808,Gaia: XM=F23=SIMBAD,renamed,renamed,0.7030020174298662
IGR J16318-4848,5XMM J163148.3-484900,3015475040100001,0.3361547657905133,247.95131396379512,-48.81674013555039,4XMM J163148.3-484900,247.951312,-48.816834,4XMM J163148.3-484900; 2XMM J163148.2-484900,Gaia: XM=F23=SIMBAD,yes,yes,0.3379440823027763
IGR J16328-4726,5XMM J163238.7-472355,3065419020100335,4.5284167873016585,248.161529064136,-47.398858789719704,4XMM J163237.8-472341,248.157591,-47.394838,,"Gaia: XM=F23, SIMBAD absent",renamed,-,17.367126097806672
IGR J16465-4507,5XMM J164635.2-450705,3016456100100002,0.22226052747073982,251.64697548431334,-45.118065492694186,4XMM J164635.2-450706,251.646915,-45.11842,4XMM J164635.2-450706,Gaia: XM=F23=SIMBAD,renamed,renamed,1.2854422770592189
IGR J17354-3255,5XMM J173527.5-325553,3065419010100005,1.6321943607573437,263.8647033167459,-32.9316311636801,4XMM J173527.4-325554,263.86453,-32.931855,4XMM J173527.4-325554,Gaia: XM=F23=SIMBAD,renamed,renamed,0.9610290071663763
IGR J17544-2619,5XMM J175425.3-261954,3014809010100010,3.7455018935171784,268.6054226868734,-26.331734428990796,4XMM J175425.2-261952,268.605307,-26.33128,2XMM J175425.4-261952; 4XMM J175425.2-261952,Gaia: XM=F23=SIMBAD,renamed,renamed,1.6779861361928758
IGR J18027-2016,5XMM J180241.9-201717,3020638060100001,0.04370729038961638,270.6747017616066,-20.288127704620816,4XMM J180241.9-201717,270.674766,-20.288133,4XMM J180241.9-201717,Gaia: XM=F23=SIMBAD,yes,yes,0.21774722468427787
IGR J18214-1318,5XMM J182119.7-131840,3074147020100001,1.7013113350378894,275.3321616574639,-13.311156999100364,4XMM J182119.7-131840,275.33234,-13.311182,4XMM J182119.7-131840,Gaia: XM=F23=SIMBAD,yes,yes,0.6312336889793791
IGR J18450-0435,5XMM J184501.6-043357,3030617040100001,1.132101872019931,281.2567012169931,-4.566005980871384,4XMM J184501.5-043356,281.256564,-4.56566,4XMM J184501.5-043356,Gaia: XM=F23=SIMBAD,renamed,renamed,1.3393352479466647
IGR J18462-0223,5XMM J184612.8-022228,3065168030100001,3.448021443800704,281.55331568138985,-2.374660949847402,4XMM J184612.7-022228,281.553247,-2.374572,,"Gaia: XM=F23, SIMBAD differs",renamed,-,0.40443738189548506
IGR J18483-0311,5XMM J184817.3-031017,3040614020100002,3.857291960627702,282.0721634238383,-3.17142625921423,4XMM J184817.2-031016,282.071681,-3.171367,4XMM J184817.2-031016,Gaia: XM=F23=SIMBAD,renamed,renamed,1.7471393916780182
IGR J19140+0951,5XMM J191404.2+095258,3076169030100003,0.03277292275644855,288.5176418972619,9.882890969157481,4XMM J191404.2+095258,288.517719,9.882929,4XMM J191404.2+095258,Gaia: XM=F23=SIMBAD,yes,yes,0.30581042027405864
IGR J19294+1816,5XMM J192955.9+181837,3084119010100001,0.9511046119062793,292.4831164045613,18.310450431392276,,,,,Gaia: XM=F23=SIMBAD,-,-,
IGR J21347+4737,5XMM J213420.2+473801,3072796130100002,6.32021488714079,323.5842628303614,47.63383999744281,4XMM J213420.3+473800,323.584905,47.633382,,Ambiguous with LMXB: V* V1727 Cyg; Gaia: XM=F23=SIMBAD,renamed,-,2.2683544314258666
KS 1947+300,5XMM J194935.5+301230,3072796120100002,0.8975733732279353,297.3979404078032,30.208512591403352,,,,,Gaia: XM=F23=SIMBAD,-,-,
LS 5039,5XMM J182615.1-145053,3015116020100001,0.7284133825999538,276.56293576071386,-14.8483067704474,4XMM J182615.0-145054,276.562647,-14.848455,4XMM J182615.0-145054; 2XMM J182615.0-145053,Gaia: XM=F23=SIMBAD,renamed,renamed,1.1377309181428281
LS I+61 303,5XMM J024031.7+611345,3011243010100001,0.15079663542733476,40.1321190026269,61.229301412304544,4XMM J024031.6+611345,40.131943,61.229307,4XMM J024031.6+611345; 2XMM J024031.6+611345,Gaia: XM=F23=SIMBAD,renamed,renamed,0.30562238003178266
MWC 656,5XMM J224257.2+444316,3069163020100016,2.425667416094306,340.7383384423196,44.72121119217284,,,,,Gaia: XM=F23=SIMBAD,-,-,
PSR B1259-63,5XMM J130247.6-635009,3009282010100001,0.26714023907294987,195.69835373746704,-63.83584273003659,4XMM J130247.6-635008,195.698624,-63.835718,4XMM J130247.6-635008; 2XMM J130247.6-635008,Gaia: XM=F23=SIMBAD,renamed,renamed,0.6210320018165594
RX J0146.9+6121,5XMM J014700.2+612123,3020116010100001,0.2632564209733021,26.751085889870577,61.35664754673479,4XMM J014700.2+612123,26.750835,61.356558,4XMM J014700.2+612123; 2XMM J014700.1+612124,Gaia: XM=F23=SIMBAD,yes,yes,0.5397895704691689
RX J0440.9+4431,5XMM J044059.2+443149,3065366010100001,1.4400338969249113,70.24680603069372,44.5304090158999,4XMM J044059.1+443149,70.246651,44.530435,4XMM J044059.1+443149,Gaia: XM=F23=SIMBAD,renamed,renamed,0.40871340627708747
RX J2030.5+4751,5XMM J203030.6+475149,3020120020100001,7.48073123265525,307.6275468378235,47.86386007155715,4XMM J203030.7+475150,307.62816,47.864102,4XMM J203030.7+475150,Gaia: XM=F23=SIMBAD,renamed,renamed,1.7180394030702422
SAX J0635.2+0533,5XMM J063518.3+053306,3014687010100002,0.33444317521684214,98.82631129277047,5.5517280176582995,4XMM J063518.2+053306,98.826196,5.551779,4XMM J063518.2+053306,"Gaia: XM=SIMBAD, F23 differs",renamed,renamed,0.45204319768074275
SAX J1819.3-2525,5XMM J181921.6-252424,3014449010100296,1.0304778286221918,274.8403233732482,-25.40671164559585,,,,,Ambiguous with LMXB: V* V4641 Sgr; Gaia: XM=F23=SIMBAD,-,-,
SNR 021.5-00.9,5XMM J183328.2-102408,3012270010100011,0.4828433741393574,278.36789202873655,-10.402264645333936,4XMM J183328.3-102408,278.367925,-10.402381,,"Gaia: XM=F23, SIMBAD absent",renamed,-,0.4348417220345947
SS 433,5XMM J191149.6+045857,3013715010100001,0.4586990828069121,287.9566723324176,4.98271708685583,4XMM J191149.5+045857,287.956549,4.982742,4XMM J191149.5+045857; 2XMM J191149.5+045858,Gaia: XM=F23=SIMBAD,renamed,renamed,0.45131999877687723
Swift J0243.6+6124,5XMM J024340.6+612603,3081121290100002,4.039302398804297,40.919453349867126,61.43432099301416,4XMM J024340.4+612602,40.918518,61.433929,4XMM J024340.4+612602,Gaia: XM=F23=SIMBAD,renamed,renamed,2.1410036036249602
V 0332+53,5XMM J033459.8+531022,3050619010100001,0.7586018311250439,53.74942575323969,53.1729492060042,4XMM J033459.8+531022,53.749315,53.172985,4XMM J033459.8+531022,Gaia: XM=F23=SIMBAD,yes,yes,0.27151407121646876
Vela X-1,5XMM J090206.8-403316,3011103010100001,0.06116970535848593,135.52848046901198,-40.554642317280404,4XMM J090206.9-403316,135.528763,-40.554697,4XMM J090206.9-403316,Gaia: XM=F23=SIMBAD,renamed,renamed,0.7974665059560053
X Per,5XMM J035523.0+310245,3015138010100002,0.7625863311062013,58.84590157882192,31.04584245332626,4XMM J035522.9+310244,58.845756,31.045833,4XMM J035522.9+310244,Gaia: XM=F23=SIMBAD,renamed,renamed,0.4502992214981539
XTE J0421+560,5XMM J041942.1+555957,3000011010100001,0.23682766645288064,64.92576054230865,55.999402740825516,4XMM J041942.1+555957,64.92559,55.999346,4XMM J041942.1+555957; 2XMM J041942.1+555957,Gaia: XM=F23=SIMBAD,yes,yes,0.39949456435012726
XTE J1855-026,5XMM J185530.3-023617,3084463010100001,1.1638696647245397,283.8765320484532,-2.604899061210094,,,,,Gaia: XM=F23=SIMBAD,-,-,
