ID,XM_CXO,dM2_xray,F23_CXO,F23_CXO_RA,F23_CXO_DE,Chandra_simbad,RA_ICRS,DE_ICRS,Notes,ra_decimal,dec_decimal,XM=F23,XM=SIMBAD,sep_F23_XM
1A 0535+262,2CXO J053854.5+261856,1.022904962197922,2CXO J053854.5+261856,84.72741720967537,26.315724869576215,2CXO J053854.5+261856,84.72739245821431,26.31577524440175,"Gaia: XM=SIMBAD, F23 differs",84.72741666666666,26.31575,yes,yes,0.09048649302674001
1A 1118-615,2CXO J112057.1-615500,8.415397513036975,2CXO J112057.1-615500,170.23817818828093,-61.91670073301312,2CXO J112057.1-615500,170.23817252151974,-61.91670671055608,Gaia: XM=F23=SIMBAD,170.23795833333332,-61.91670833333333,yes,yes,0.3735951596749656
1FGL J1018.6-5856,2CXO J101855.6-585645,0.1423008324172274,2CXO J101855.6-585645,154.7316808741541,-58.94608962689713,2CXO J101855.6-585645,154.7315592681715,-58.94609420856299,Gaia: XM=F23=SIMBAD,154.73158333333333,-58.94609444444444,yes,yes,0.18196554193795883
2E 1145.5-6155,2CXO J114800.0-621224,0.3450869754381466,2CXO J114800.0-621224,177.00012611507077,-62.206866408122224,2CXO J114800.0-621224,177.0000300154924,-62.20691022592309,Gaia: XM=F23=SIMBAD,177.00004166666668,-62.20689166666667,yes,yes,0.1684135915037572
3A 0656-072,2CXO J065814.5-071245,0.3487431128836275,2CXO J065814.5-071245,104.56045991125347,-7.212520415353011,,104.56043808872012,-7.2124898520261,"Gaia: XM only, F23+SIMBAD differ",104.56045833333333,-7.212488888888889,yes,-,0.1136351006071996
3A 0726-260,2CXO J072853.5-260629,0.0637853308008628,2CXO J072853.5-260629,112.22328497456192,-26.108064695650015,2CXO J072853.5-260629,112.2232407535484,-26.108019042809907,Gaia: XM=F23=SIMBAD,112.22325,-26.108019444444444,yes,yes,0.19829452265897687
4U 1538-522,2CXO J154223.3-522309,2.836907834050298,2CXO J154223.3-522309,235.5973242658672,-52.38605208585878,2CXO J154223.3-522309,235.59729827776863,-52.38601199162066,Gaia: XM=F23=SIMBAD,235.59737499999997,-52.386041666666664,yes,yes,0.11761532016499739
4U 1901+03,2CXO J190339.3+031215,0.008600982811151956,4U 1901+03,285.91416666666663,3.2044194444444445,,285.9141280353291,3.204357968143525,Gaia: XM=F23=SIMBAD,285.914125,3.2043583333333334,-,-,0.2661384916794015
4U 1954+319,2CXO J195542.3+320549,0.14890576287780652,2CXO J195542.3+320549,298.9263702389875,32.09695824019446,2CXO J195542.3+320549,298.92639832142635,32.096930318736355,Gaia: XM=F23=SIMBAD,298.9264166666666,32.09693055555556,yes,yes,0.17315154726799303
ATO J278.3657-10.5901,2CXO J183327.7-103524,0.17862413880740574,2CXO J183327.7-103524,278.36570918096845,-10.590096525281348,,278.3656995482644,-10.5901247948528,Gaia: XM=F23=SIMBAD,278.3657083333333,-10.59011388888889,yes,-,0.06258091194654558
AX J1700-419,2CXO J170004.3-415805,0.01376460213427851,2CXO J170004.3-415805,255.01812966456748,-41.968198713993594,2CXO J170004.3-415805,255.0181304934828,-41.96821726439932,Gaia: XM=F23=SIMBAD,255.018125,-41.96821666666667,yes,yes,0.0658245747436946
Cen X-3,2CXO J112115.1-603725X,1.5299551117666232,2CXO J112115.1-603725,170.31298589700782,-60.62382885414958,2CXO J112115.1-603725,170.3128552789008,-60.62377582639316,Gaia: XM=F23=SIMBAD,170.31324999999998,-60.62376944444444,yes,yes,0.513093331764079
Cep X-4,2CXO J213930.6+565910,0.09081504988869796,2CXO J213930.6+565910,324.87786515360534,56.98624948873933,2CXO J213930.6+565910,324.87785209104953,56.98621852916199,Gaia: XM=F23=SIMBAD,324.8778333333333,56.986219444444444,yes,yes,0.12487539669008121
Cir X-1,2CXO J152040.8-571000,0.03566475354719393,2CXO J152040.8-571000,230.17019994130052,-57.166675240896126,2CXO J152040.8-571000,230.1701764075732,-57.16674216653912,Gaia: XM=F23=SIMBAD,230.17016666666666,-57.16673888888889,yes,yes,0.2381600343363144
GRO J1008-57,2CXO J100946.9-581736,0.3555563394054301,2CXO J100946.9-581736,152.44572935978067,-58.2934105965886,2CXO J100946.9-581736,152.4456445370427,-58.2932074753388,Gaia: XM=F23=SIMBAD,152.44566666666665,-58.293191666666665,yes,yes,0.7970240064135244
GS 0834-430,2CXO J083555.4-431108,0.0830550451049525,,,,,128.9810716989384,-43.185597388973285,"Gaia: XM=SIMBAD, F23 absent",128.98108333333332,-43.185605555555554,-,-,
GS 1843+009,2CXO J184536.8+005147,0.09065889363604347,2CXO J184536.8+005147,281.40346652667245,0.8632755170049511,2CXO J184536.8+005147,281.403473368695,0.8631594680204066,Gaia: XM=F23=SIMBAD,281.4034583333333,0.8631583333333334,yes,yes,0.4228908900622119
GX 301-2,2CXO J122637.5-624613,0.8659084024681734,2CXO J122637.5-624613,186.65663420703447,-62.77029589179813,2CXO J122637.5-624613,186.65645139154256,-62.77035949368261,Gaia: XM=F23=SIMBAD,186.6564583333333,-62.77032777777778,yes,yes,0.3116141858548857
H 1417-624,2CXO J142112.1-624156,0.04913688269925559,2CXO J142112.1-624156,215.3005894414848,-62.6989986717492,2CXO J142112.1-624156,215.3006080258188,-62.69892176003013,Gaia: XM=F23=SIMBAD,215.30062499999997,-62.69892222222222,yes,yes,0.281411541827476
HD 119682,2CXO J134632.5-625523,0.32169731971994986,2CXO J134632.5-625523,206.63574158723972,-62.92332859338032,2CXO J134632.5-625523,206.63566597037007,-62.923386961743525,Gaia: XM=F23=SIMBAD,206.63562499999998,-62.92338611111111,yes,yes,0.2817341082222219
HD 259440,2CXO J063259.2+054801,0.18819052294584615,,,,,98.24690241608782,5.800320528353365,"Gaia: XM=SIMBAD, F23 differs",98.24691666666665,5.800322222222222,-,-,
HD 96670,2CXO J110713.9-595223,0.41390272614276646,,,,,166.80799982116994,-59.87309817392416,Gaia: XM=F23=SIMBAD,166.80795833333332,-59.87308888888889,-,-,
IGR J00370+6122,2CXO J003709.6+612136,0.010022653103247696,,,,,9.290132580203236,61.36013319063004,Gaia: XM=F23=SIMBAD,9.290125,61.36013333333334,-,-,
IGR J06074+2205,2CXO J060726.6+220547,1.5953979389815822,2CXO J060726.6+220547,91.86092699679034,22.09658987545041,2CXO J060726.6+220547; CXOU J060726.6+220547,91.86088634197856,22.096597258920347,"Gaia: XM=SIMBAD, F23 differs",91.860875,22.096555555555554,yes,yes,0.2129467561976322
IGR J10101-5654,2CXO J101011.8-565532,0.3533945258566773,2CXO J101011.8-565532,152.54942368170305,-56.925561020471726,2CXO J101011.8-565532; CXOU J101011.8-565532,152.54941599149674,-56.925542470323926,Gaia: XM=F23=SIMBAD,152.54941666666664,-56.92552222222222,yes,yes,0.14035199570201343
IGR J11305-6256,2CXO J113106.9-625648,0.5753870470280915,2CXO J113106.9-625648,172.77893499808192,-62.946931875481866,2CXO J113106.9-625648; CXOU J113106.9-625648,172.77874085540492,-62.946919022640415,Gaia: XM=F23=SIMBAD,172.77879166666668,-62.946930555555554,yes,yes,0.2347297980250237
IGR J11435-6109,2CXO J114400.3-610736,1.5015203676211224,2CXO J114400.3-610736,176.00132755128527,-61.12677740501984,2CXO J114400.3-610736; CXOU J114400.3-610736,176.00117181802423,-61.126795789105415,Gaia: XM=F23=SIMBAD,176.00124999999994,-61.12677222222222,yes,yes,0.13609581138137544
IGR J14331-6112,2CXO J143308.3-611540,0.031243109449705497,2CXO J143308.3-611540,218.2847193831468,-61.26111951024233,2CXO J143308.3-611540; CXO J143308.3-611539,218.28465330128796,-61.26107376019224,Gaia: XM=F23=SIMBAD,218.28466666666665,-61.261075,yes,yes,0.18439719669677465
IGR J16195-4945,2CXO J161932.2-494430,0.3661692839954822,2CXO J161932.2-494430,244.8841775000025,-49.74182372915542,2CXO J161932.2-494430; CXOU J161932.2-494430,244.8840954475876,-49.741826170029775,Gaia: XM=F23=SIMBAD,244.88412499999995,-49.74183611111111,yes,yes,0.13001779417856724
IGR J16207-5129,2CXO J162046.2-513006,0.9963527139353875,2CXO J162046.2-513006,245.19279721306884,-51.501706198927366,2CXO J162046.2-513006; CXOU J162046.2-513006,245.19273371546788,-51.50170602014244,Gaia: XM=F23=SIMBAD,245.19270833333331,-51.501736111111114,yes,yes,0.22642250598554253
IGR J17354-3255,2CXO J173527.5-325554,0.008825710420097279,2CXO J173527.5-325554,263.86495209000736,-32.93176854477624,2CXO J173527.5-325554; CXOU J173527.5-325554,263.86499688214946,-32.931823120905946,Gaia: XM=F23=SIMBAD,263.86499999999995,-32.931824999999996,yes,yes,0.24952378284176074
IGR J17544-2619,2CXO J175425.3-261951X,2.2249187542609414,2CXO J175425.2-261952,268.60506792338583,-26.33138371772481,2CXO J175425.2-261952,268.6052987030251,-26.33127433694773,Gaia: XM=F23=SIMBAD,268.60541666666666,-26.331019444444443,yes,yes,1.7279565667790868
IGR J18214-1318,2CXO J182119.7-131838,0.8966188768170799,2CXO J182119.7-131838,275.3323350543468,-13.31083223499875,2CXO J182119.7-131838; CXOU J182119.7-131838,275.3323425004492,-13.310890956750724,Gaia: XM=F23=SIMBAD,275.332375,-13.310897222222223,yes,yes,0.27261324692724337
IGR J18256-1035,2CXO J182543.8-103501,0.0051549992999417715,,,,CXOU J182543.8-103501,276.4326235883698,-10.583893778199275,"Gaia: XM=F23, SIMBAD absent",276.432625,-10.583891666666668,-,yes,
IGR J18450-0435,2CXO J184501.5-043356,1.5780705444588827,2CXO J184501.5-043356,281.2565932237416,-4.565667700989875,2CXO J184501.5-043356,281.2566191660608,-4.565759042374355,Gaia: XM=F23=SIMBAD,281.256625,-4.565716666666667,yes,yes,0.20994420826606838
IGR J18483-0311,2CXO J184817.1-031016,0.32636897917414254,2CXO J184817.1-031016,282.07161943548647,-3.1713311233178394,2CXO J184817.1-031016,282.0716861216644,-3.1713676837385054,Gaia: XM=F23=SIMBAD,282.07166666666666,-3.1713666666666667,yes,yes,0.21259170831702706
IGR J19140+0951,2CXO J191404.2+095258X,1.9523379132168253,2CXO J191404.2+095258X,288.51778088251933,9.882798255595757,2CXO J191404.2+095258X,288.5176059060096,9.882864373650197,Gaia: XM=F23=SIMBAD,288.51779166666665,9.882769444444445,yes,yes,0.11054722422172507
IGR J19294+1816,2CXO J192955.8+181837,7.2230926599128855,,,,,292.48292610722393,18.310605976333413,Gaia: XM=F23=SIMBAD,292.482875,18.31052777777778,-,-,
IGR J19498+2534,2CXO J194955.4+253359,0.05653265064653726,,,,,297.480949369952,25.566594846422447,Gaia: XM=F23=SIMBAD,297.4809583333333,25.566594444444444,-,-,
KS 1947+300,2CXO J194935.4+301231,2.1892063924051373,2CXO J194935.4+301231,297.3977618708028,30.20883405845456,2CXO J194935.4+301231,297.39783883472126,30.20880848740128,Gaia: XM=F23=SIMBAD,297.3978333333333,30.208758333333332,yes,yes,0.35177569152581784
LS 5039,2CXO J182615.0-145055,0.2659098795870524,2CXO J182615.0-145055,276.5627355755772,-14.848703589585773,2CXO J182615.0-145055,276.5627681201673,-14.848438248314068,Gaia: XM=F23=SIMBAD,276.56275,-14.84843888888889,yes,yes,0.9542435391267449
LS I+61 303,2CXO J024031.6+611345,0.04258398878786091,2CXO J024031.6+611345,40.13207107390224,61.22922704085952,2CXO J024031.6+611345,40.131931264834,61.22933050838676,Gaia: XM=F23=SIMBAD,40.131916666666655,61.229330555555556,yes,yes,0.45874685093330914
MWC 656,2CXO J224257.2+444318,0.5394131237653624,,,,,340.7387414052605,44.72172459979292,Gaia: XM=F23=SIMBAD,340.7387083333333,44.72174166666667,-,-,
PSR B1259-63,2CXO J130247.6-635008,0.6681276754662465,2CXO J130247.6-635008,195.69851279983368,-63.83570891537525,2CXO J130247.6-635008,195.69848851536304,-63.83573123376698,Gaia: XM=F23=SIMBAD,195.69854166666664,-63.835744444444444,yes,yes,0.13586531346068906
RX J0812.4-3114,2CXO J081228.3-311452,0.16654605193357627,2CXO J081228.3-311452,123.11795205035514,-31.247874095275517,2CXO J081228.3-311452,123.11814876922767,-31.247806699969043,Gaia: XM=F23=SIMBAD,123.11816666666662,-31.247805555555555,yes,yes,0.7051169744031909
RX J1744.7-2713,2CXO J174445.7-271344,7.936374571965562,2CXO J174445.7-271344,266.1907234086141,-27.22902565509014,2CXO J174445.7-271344,266.19068598153774,-27.2290321367955,Gaia: XM=F23=SIMBAD,266.1907916666666,-27.228991666666666,yes,yes,0.2504259364691916
SAX J1818.6-1703,2CXO J181837.9-170248,0.44159784445133515,2CXO J181837.9-170248,274.6580427785442,-17.046757333613034,CXO J181837.8-170248; 2CXO J181837.9-170248,274.6579027263997,-17.0466781588456,Gaia: XM=F23=SIMBAD,274.65791666666667,-17.046650000000003,yes,yes,0.5811290027002761
SAX J1819.3-2525,2CXO J181921.6-252425,2.215825740970135,2CXO J181921.6-252425,274.8400691402454,-25.40718461081611,2CXO J181921.6-252425,274.8401391909158,-25.40717851925878,Ambiguous with LMXB: V* V4641 Sgr; Gaia: XM=F23=SIMBAD,274.8400833333333,-25.407183333333332,yes,yes,0.04638183807185435
SAX J2103.5+4545,2CXO J210335.6+454505,1.6964693036339153,2CXO J210335.6+454505,315.8987194842672,45.75154035099894,2CXO J210335.6+454505,315.8987696922526,45.751532832107685,Gaia: XM=F23=SIMBAD,315.89870833333333,45.751530555555554,yes,yes,0.045034773823106555
SAX J2239.3+6116,2CXO J223920.8+611626,2.250321492128326,2CXO J223920.8+611626,339.8368361248281,61.27399265453021,2CXO J223920.8+611626,339.8368297959251,61.27405311885465,Gaia: XM=F23=SIMBAD,339.8368333333333,61.27410555555556,yes,yes,0.4064723883131107
SGR 0755-2933,2CXO J075542.4-293353,0.2824854171457531,2SXPS J075542.5-293353,118.9271642,-29.5648607,,118.9270218136784,-29.56485835566189,Gaia: XM=F23=SIMBAD,118.92704166666665,-29.564855555555557,-,-,0.38413187919113556
SNR 021.5-00.9,2CXO J183328.3-102408,0.15861115065332906,2CXO J183328.3-102408,278.3679292458984,-10.40242826916,,278.3679185343803,-10.40243295086028,"Gaia: XM=F23, SIMBAD absent",278.36791666666664,-10.402419444444444,yes,-,0.05470979127383331
SS 433,2CXO J191149.5+045857,1.3144685225675794,2CXO J191149.5+045857,287.95649525995304,4.982733298815026,2CXO J191149.5+045857,287.9565063699124,4.982708527256882,Gaia: XM=F23=SIMBAD,287.9565416666667,4.982722222222223,yes,yes,0.17114309272041545
V 0332+53,2CXO J033459.9+531023,0.05018018839413927,2CXO J033459.9+531023,53.7495926223873,53.173194404103256,2CXO J033459.9+531023,53.749629724978455,53.17313997828423,Gaia: XM=F23=SIMBAD,53.74962499999999,53.17315,yes,yes,0.1744555534173605
X Per,2CXO J035523.1+310244X,4.468808497021686,2CXO J035523.1+310244X,58.846357071460645,31.045570208639266,2CXO J035523.1+310244X,58.84615062234396,31.045836091857545,Gaia: XM=F23=SIMBAD,58.846374999999995,31.04560277777778,yes,yes,0.12963453825435708
XTE J1739-302,2CXO J173911.5-302037,1.9918074722523396,2CXO J173911.5-302037,264.7981473417906,-30.34377428528035,2CXO J173911.5-302037,264.79812927251425,-30.34381326584938,Gaia: XM=F23=SIMBAD,264.7980833333333,-30.34378611111111,yes,yes,0.20336971885644942
XTE J1906+090,2CXO J190447.4+090241,0.538838121118547,2CXO J190447.4+090241,286.1977867294652,9.044839970582125,2CXO J190447.4+090241; CXOU J190447.4+090241,286.1977687539877,9.044911040402663,Gaia: XM=F23=SIMBAD,286.19775,9.044883333333333,yes,yes,0.20352073674052512
XTE J1946+274,2CXO J194539.3+272155,4.117944723461339,2CXO J194539.3+272155,296.4139110000151,27.365371271761312,2CXO J194539.3+272155,296.4139748795565,27.36539915247593,Gaia: XM=F23=SIMBAD,296.4139583333333,27.365466666666666,yes,yes,0.3752858992307905
